Paper Title,Author Name,Gender,Total Authors,Female Authors,Female_lead?,Male_lead?,Female_Supervisor,Male_Supervisor
Requirements for adopting software process lines,Halimeh Agh,Female,4,1,1,0,0,0
,FÃ©lix Garcia,Male,,,,,0,1
,Mario Piattini,Male,,,,,0,1
,Raman Ramsin,Male,,,,,0,0
Systematic literature reviews in software engineeringâ€”enhancement of the study selection process using Cohenâ€™s Kappa statistic,Jorge PÃ©rez,Male,4,1,0,1,0,1
,Jessica DÃ­az,Female,,,,,0,0
,Javier Garcia-Martin,Male,,,,,0,0
,Bernardo Tabuenca,Male,,,,,0,0
A classification framework for automated control code generation in industrial automation,Heiko Koziolek,Male,4,1,0,1,0,1
,Andreas Burger,Male,,,,,0,0
,Marie Platenius-Mohr,Female,,,,,0,0
,Raoul Jetley,Male,,,,,0,0
The effect of transactive memory systems on process tailoring in software projects: The moderating role of task conflict and shared temporal cognitions,Jung-Chieh Lee,Male,3,1,0,1,0,0
,Yih-Tsyr Wang,Female,,,,,0,0
,Chung-Yang Chen,Male,,,,,0,1
Generating summaries for methods of event-driven programs: An Android case study,Alireza Aghamohammadi,Male,3,1,0,1,0,0
,Maliheh Izadi,Female,,,,,0,0
,Abbas Heydarnoori,Male,,,,,0,1
A systematic study of reward for reinforcement learning based continuous integration testing,Yang Yang,Male,4,2,0,1,0,0
,Zheng Li,Male,,,,,0,1
,Liuliu He,Female,,,,,0,0
,Ruilian Zhao,Female,,,,,0,0
Integrating UX work with agile development through user stories: An action research study in a small software company,Alisa Ananjeva,Female,3,1,1,0,0,0
,John Stouby Persson,Male,,,,,0,1
,Anders Bruun,Male,,,,,0,1
TagDC: A tag recommendation method for software information sites with a combination of deep learning and collaborative filtering,Can Li,Male,4,1,0,1,0,0
,Ling Xu,Female,,,,,0,0
,Meng Yan,Male,,,,,0,1
,Yan Lei,Male,,,,,0,0
Neural joint attention code search over structure embeddings for software Q&A sites,Gang Hu,Male,5,3,0,1,0,0
,Min Peng,Male,,,,,0,1
,Yihan Zhang,Female,,,,,0,0
,Qianqian Xie,Female,,,,,1,0
,Mengting Yuan,Female,,,,,0,0
Secondary studies in the academic context: A systematic mapping and survey,Katia Romero Felizardo,Female,5,4,1,0,1,0
,Ã‰rica Ferreira de Souza,Female,,,,,0,0
,Bianca Minetto NapoleÃ£o,Female,,,,,0,0
,Nandamudi Lankalapalli Vijaykumar,Male,,,,,0,0
,Maria Teresa Baldassarre,Female,,,,,0,0
Black-box adversarial sample generation based on differential evolution,Junyu Lin,Male,4,1,0,1,0,0
,Lei Xu,Male,,,,,0,0
,Yingqi Liu,Female,,,,,1,0
,Xiangyu Zhang,Male,,,,,0,1
Scrum versus Rational Unified Process in facing the main challenges of product configuration systems development,Sara Shafiee,Female,5,1,1,0,0,0
,Yves Wautelet,Male,,,,,0,0
,Lars Hvam,Male,,,,,0,1
,Enrico Sandrin,Male,,,,,0,0
,Cipriano Forza,Male,,,,,0,0
Implementation relations and testing for cyclic systems with refusals and discrete time,Raluca Lefticaru,Female,3,1,1,0,0,0
,Robert M. Hierons,Male,,,,,0,1
,Manuel NÃºÃ±ez,Male,,,,,0,1
Imbalanced metric learning for crashing fault residence prediction,Zhou Xu,Male,7,3,0,1,0,0
,Kunsong Zhao,Male,,,,,0,0
,Meng Yan,Male,,,,,0,1
,Peipei Yuan,Female,,,,,0,0
,Ling Xu,Female,,,,,0,0
,Yan Lei,Male,,,,,0,0
,Xiaohong Zhang,Female,,,,,0,0
Vendor Switching: Factors that matter when engineers onboard their own replacement,Darja Smite,Female,2,1,1,0,0,0
,Nils Brede Moe,Male,,,,,0,0
Understanding coordination in global software engineering: A mixed-methods study on the use of meetings and Slack,Viktoria Stray,Female,2,1,1,0,1,0
,Nils Brede Moe,Male,,,,,0,1
Examining the reuse potentials of IoT application frameworks,Paraskevi Smiari,Female,3,2,1,0,0,0
,Stamatia Bibi,Female,,,,,0,0
,Daniel Feitosa,Male,,,,,0,0
Some SonarQube issues have a significant but small effect on faults and changes. A large-scale empirical study,Valentina Lenarduzzi,Female,3,2,1,0,0,0
,Nyyti SaarimÃ¤ki,Female,,,,,0,0
,Davide Taibi,Male,,,,,0,1
"On the generation, structure, and semantics of grammar patterns in source code identifiers",Christian D. Newman,Male,7,2,0,1,0,0
,Reem S. AlSuhaibani,Female,,,,,0,0
,Michael J. Decker,Male,,,,,0,0
,Anthony Peruma,Male,,,,,0,0
,Dishant Kaushik,Male,,,,,0,0
,Mohamed Wiem Mkaouer,Male,,,,,0,0
,Emily Hill,Female,,,,,0,0
A comparison of quality flaws and technical debt in model transformation specifications,Shekoufeh Kolahdouz-Rahimi,Female,5,2,1,0,0,0
,Kevin Lano,Male,,,,,0,0
,Mohammadreza Sharbaf,Male,,,,,0,0
,Meysam Karimi,Male,,,,,0,0
,Hessa Alfraihi,Female,,,,,0,0
From API to NLI: A new interface for library reuse,Qi Shen,Male,5,1,0,1,0,0
,Shijun Wu,Male,,,,,0,0
,Yanzhen Zou,Female,,,,,0,0
,Zixiao Zhu,Male,,,,,0,0
,Bing Xie,Male,,,,,0,1
Evaluating and strategizing the onboarding of software developers in large-scale globally distributed projects,Ricardo Britto,Male,4,1,0,1,0,0
,Darja Smite,Female,,,,,1,0
,Lars-Ola Damm,Male,,,,,0,0
,JÃ¼rgen BÃ¶rstler,Male,,,,,0,1
CODE reuse in practice: Benefiting or harming technical debt,Daniel Feitosa,Male,5,1,0,1,0,0
,Apostolos Ampatzoglou,Male,,,,,0,0
,Antonios Gkortzis,Male,,,,,0,0
,Stamatia Bibi,Female,,,,,0,0
,Alexander Chatzigeorgiou,Male,,,,,0,0
SEET: Symbolic Execution of ETL Transformations,Banafsheh Azizi,Female,3,2,1,0,0,0
,Bahman Zamani,Male,,,,,0,1
,Shekoufeh Kolahdouz-Rahimi,Female,,,,,1,0
The influence of Technical Debt on software developer morale,Terese Besker,Female,4,1,1,0,0,0
,Hadi Ghanbari,Male,,,,,0,0
,Antonio Martini,Male,,,,,0,0
,Jan Bosch,Male,,,,,0,1
"Uncertainty in information system development: Causes, effects, and coping mechanisms",Toni Taipalus,Male,3,1,0,1,0,1
,Ville SeppÃ¤nen,Male,,,,,0,0
,Maritta Pirhonen,Female,,,,,0,0
Achieving agility and quality in product development - an empirical study of hardware startups,VebjÃ¸rn Berg,Male,5,1,0,1,0,0
,JÃ¸rgen Birkeland,Male,,,,,0,0
,Anh Nguyen-Duc,Male,,,,,0,1
,Ilias O. Pappas,Male,,,,,0,1
,Letizia Jaccheri,Female,,,,,1,0
Integrating GitLab metrics into coursework consultation sessions in a software engineering course,Sukru Eraslan,Male,7,3,0,1,0,0
,Kamilla Kopec-Harding,Female,,,,,0,0
,Caroline Jay,Female,,,,,1,0
,Suzanne M. Embury,Female,,,,,0,0
,Robert Haines,Male,,,,,0,0
,Julio CÃ©sar CortÃ©s RÃ­os,Male,,,,,0,0
,Peter Crowther,Male,,,,,0,0
Substructure similarity search for engineering service-based systems,Jintao Wu,Male,5,1,0,1,0,0
,Xing Guo,Male,,,,,0,0
,Guijun Yang,Male,,,,,0,0
,Shuhui Wu,Female,,,,,0,0
,Jianguo Wu,Male,,,,,0,1
Relation-based test case prioritization for regression testing,Jianlei Chi,Male,7,3,0,1,0,0
,Yu Qu,Male,,,,,0,1
,Qinghua Zheng,Male,,,,,0,1
,Zijiang Yang,Male,,,,,0,0
,Wuxia Jin,Female,,,,,0,0
,Di Cui,Female,,,,,0,0
,Ting Liu,Female,,,,,1,0
GAP: Forecasting commit activity in git projects,Alexandre Decan,Male,4,1,0,1,0,0
,Eleni Constantinou,Female,,,,,0,0
,Tom Mens,Male,,,,,0,1
,Henrique Rocha,Male,,,,,0,0
Systematic literature review of empirical studies on mental representations of programs,Leah Bidlake,Female,3,1,1,0,0,0
,Eric Aubanel,Male,,,,,0,0
,Daniel Voyer,Male,,,,,0,0
Inner source software development: Current thinking and an agenda for future research,Henry Edison,Male,4,1,0,1,0,0
,Noel Carroll,Male,,,,,0,0
,Lorraine Morgan,Female,,,,,0,0
,Kieran Conboy,Male,,,,,0,1
Modeling programs hierarchically with stack-augmented LSTM,Fang Liu,Female,3,1,1,0,0,0
,Lu Zhang,Male,,,,,0,0
,Zhi Jin,Male,,,,,0,1
Cloud reliability and efficiency improvement via failure risk based proactive actions,Yuli Tian,Female,3,1,1,0,0,0
,Jeff Tian,Male,,,,,0,1
,Ning Li,Male,,,,,0,0
Cost-efficient dynamic scheduling of big data applications in apache spark on cloud,Muhammed Tawfiqul Islam,Male,4,1,0,1,0,0
,Satish Narayana Srirama,Male,,,,,0,0
,Shanika Karunasekera,Female,,,,,1,0
,Rajkumar Buyya,Male,,,,,0,1
An Android application risk evaluation framework based on minimum permission set identification,Jianmao Xiao,Male,5,1,0,1,0,0
,Shizhan Chen,Male,,,,,0,0
,Qiang He,Male,,,,,0,0
,Zhiyong Feng,Male,,,,,0,1
,Xiao Xue,Female,,,,,0,0
LAURA architecture: Towards a simpler way of building situation-aware and business-aware IoT applications,Sergio Teixeira,Male,8,2,0,1,0,0
,Bruno Alves Agrizzi,Male,,,,,0,0
,JosÃ© GonÃ§alves Pereira Filho,Male,,,,,0,1
,Silvana Rossetto,Female,,,,,0,0
,Isaac SimÃµes AraÃºjo Pereira,Male,,,,,0,0
,PatrÃ­cia Dockhorn Costa,Female,,,,,0,0
,Adriano Francisco Branco,Male,,,,,0,0
,Ruan Rocha Martinelli,Male,,,,,0,0
A model-driven approach for the development of native mobile applications focusing on the data layer,Manuel NÃºÃ±ez,Male,4,1,0,1,0,0
,Daniel Bonhaure,Male,,,,,0,0
,MagalÃ­ GonzÃ¡lez,Female,,,,,0,0
,Luca Cernuzzi,Male,,,,,0,1
A framework for pervasive computing applications based on smart objects...,Christos Goumopoulos,Male,2,1,0,1,0,1
,Irene Mavrommati,Female,,,,,0,0
ThermoSim: Deep learning based framework for modeling and simulation of thermal-aware resource management for cloud computing environments,Sukhpal Singh Gill,Male,15,2,0,1,0,0
,Shreshth Tuli,Male,,,,,0,0
,Adel Nadjaran Toosi,Male,,,,,0,1
,Felix Cuadrado,Male,,,,,0,0
,Peter Garraghan,Male,,,,,0,1
,Rami Bahsoon,Male,,,,,0,0
,Hanan Lutfiyya,Female,,,,,0,0
,Rizos Sakellariou,Male,,,,,0,0
,Omer Rana,Male,,,,,0,1
,Schahram Dustdar,Male,,,,,0,0
,Rajkumar Buyya,Male,,,,,0,1
,Apostolos Ampatzoglou,Male,,,,,0,0
,Antonios Gkortzis,Male,,,,,0,0
,Stamatia Bibi,Female,,,,,0,0
,Alexander Chatzigeorgiou,Male,,,,,0,0
Automated defect identification via path analysis-based features with transfer learning,Yuwei Zhang,Male,4,1,0,1,0,0
,Dahai Jin,Male,,,,,0,0
,Ying Xing,Female,,,,,0,0
,Yunzhan Gong,Male,,,,,0,1
Three decades of software reference architectures: A systematic mapping study,Lina GarcÃ©s,Female,7,3,1,0,0,0
,Silverio MartÃ­nez-FernÃ¡ndez,Male,,,,,0,0
,Lucas Oliveira,Male,,,,,0,0
,Pedro Valle,Male,,,,,0,0
,Claudia Ayala,Female,,,,,0,0
,Xavier Franch,Male,,,,,0,0
,Elisa Yumi Nakagawa,Female,,,,,0,0
A systematic mapping study of developer social network research,Steffen Herbold,Male,4,1,0,1,0,1
,Aynur Amirfallah,Female,,,,,0,0
,Fabian Trautsch,Male,,,,,0,0
,Jens Grabowski,Male,,,,,0,1
Exploring the intersection between software industry and Software Engineering education - A systematic mapping of Software Engineering Trends,Orges Cico,Male,4,1,0,1,0,0
,Letizia Jaccheri,Female,,,,,1,0
,Anh Nguyen-Duc,Male,,,,,0,0
,He Zhang,Male,,,,,0,0
SWFC-ART: A cost-effective approach for Fixed-Size-Candidate-Set Adaptive Random Testing through small world graphs,Muhammad Ashfaq,Male,7,1,0,1,0,0
,Rubing Huang,Female,,,,,1,0
,Dave Towey,Male,,,,,0,0
,Michael Omari,Male,,,,,0,0
,Dmitry Yashunin,Male,,,,,0,0
,Patrick Kwaku Kudjo,Male,,,,,0,0
,Tao Zhang,Male,,,,,0,0
"Error messages in relational database management systems: A comparison of effectiveness, usefulness, and user confidence",Toni Taipalus,Male,3,1,0,1,0,1
,Hilkka Grahn,Female,,,,,0,0
,Hadi Ghanbari,Male,,,,,0,0
A systematic mapping study on architectural smells detection,Haris Mumtaz,Male,3,1,0,1,0,0
,Paramvir Singh,Male,,,,,0,1
,Kelly Blincoe,Female,,,,,1,0
Machine learning based success prediction for crowdsourcing software projects,Inam Illahi,Male,4,1,0,1,0,0
,Hui Liu,Female,,,,,0,0
,Qasim Umer,Male,,,,,0,0
,Nan Niu,Male,,,,,0,0
Software engineering practices for scientific software development: A systematic mapping study,Elvira-Maria Arvanitou,Female,4,1,1,0,0,0
,Apostolos Ampatzoglou,Male,,,,,0,0
,Alexander Chatzigeorgiou,Male,,,,,0,0
,Jeffrey C. Carver,Male,,,,,0,0
Change impact analysis: A systematic mapping study,Maria Kretsou,Female,5,2,1,0,0,0
,Elvira-Maria Arvanitou,Female,,,,,0,0
,Apostolos Ampatzoglou,Male,,,,,0,0
,Ignatios Deligiannis,Male,,,,,0,0
,Vassilis C. Gerogiannis,Male,,,,,0,0
"Can we benchmark Code Review studies? A systematic mapping study of methodology, dataset, and metric",Dong Wang,Male,5,1,0,1,0,0
,Yuki Ueda,Male,,,,,0,0
,Raula Gaikovina Kula,Female,,,,,1,0
,Takashi Ishio,Male,,,,,0,1
,Kenichi Matsumoto,Male,,,,,0,1
The role of the project manager in agile software development projects,Yogeshwar Shastri,Male,3,1,0,1,0,0
,Rashina Hoda,Female,,,,,1,0
,Robert Amor,Male,,,,,0,1
Comparison of search strategies for feature location in software models,Jorge EcheverrÃ­a,Male,4,1,0,1,0,1
,Jaime Font,Male,,,,,0,1
,Francisca PÃ©rez,Female,,,,,0,0
,Carlos Cetina,Male,,,,,0,1
Donâ€™t run on fumesâ€”Parametric gas bounds for smart contracts,Elvira Albert,Female,5,1,1,0,0,0
,JesÃºs Correas,Male,,,,,0,0
,Pablo Gordillo,Male,,,,,0,0
,Guillermo RomÃ¡n-DÃ­ez,Male,,,,,0,0
,Albert Rubio,Male,,,,,0,0
Brain and autonomic nervous system activity measurement in software engineering: A systematic literature review,Barbara Weber,Female,3,1,1,0,0,0
,Thomas Fischer,Male,,,,,0,0
,RenÃ©e Riedl,Male,,,,,0,0
Initiatives and challenges of using gamification in software engineering: A Systematic Mapping,Daniel de Paula Porto,Male,4,2,0,1,0,0
,Gabriela Martins de Jesus,Female,,,,,0,0
,Fabiano Cutigi Ferrari,Male,,,,,0,1
,Sandra Camargo Pinto Ferraz Fabbri,Female,,,,,1,0
Do scaling agile frameworks address global software development risks? An empirical study,Sarah Beecham,Female,4,1,1,0,0,0
,Tony Clear,Male,,,,,0,0
,Ramesh Lal,Male,,,,,0,0
,John Noll,Male,,,,,0,0
Data correction and evolution analysis of the ProgrammableWeb service ecosystem,Mingyi Liu,Male,6,1,0,1,0,0
,Zhiying Tu,Female,,,,,0,0
,Yeqi Zhu,Male,,,,,0,0
,Xiaofei Xu,Male,,,,,0,0
,Zhongjie Wang,Male,,,,,0,0
,Quan Z. Sheng,Male,,,,,0,0
Learning software configuration spaces: A systematic literature review,Juliana Alves Pereira,Female,6,1,1,0,0,0
,Mathieu Acher,Male,,,,,0,1
,Hugo Martin,Male,,,,,0,0
,Jean-Marc JÃ©zÃ©quel,Male,,,,,0,1
,Goetz Botterweck,Male,,,,,0,0
,Anthony Ventresque,Male,,,,,0,0
The ratio of equivalent mutants: A key to analyzing mutation equivalence,Imen Marsit,Female,7,2,1,0,0,0
,Amani Ayad,Female,,,,,0,0
,David Kim,Male,,,,,0,0
,Monsour Latif,Male,,,,,0,0
,JiMeng Loh,Male,,,,,0,0
,Mohamed Nazih Omri,Male,,,,,0,0
,Ali Mili,Male,,,,,0,1
Automated refactoring of legacy JavaScript code to ES6 modules,Katerina Paltoglou,Female,4,1,1,0,0,0
,Vassilis E. Zafeiris,Male,,,,,0,0
,N.A. Diamantidis,Male,,,,,0,1
,E.A. Giakoumakis,Male,,,,,0,1
A formal approach for the analysis of BPMN collaboration models,Flavio Corradini,Male,6,1,0,1,0,0
,Fabrizio Fornari,Male,,,,,0,0
,Andrea Polini,Male,,,,,0,0
,Barbara Re,Female,,,,,0,0
,Francesco Tiezzi,Male,,,,,0,0
,Andrea Vandin,Male,,,,,0,0
Hippo: A formal-model execution engine to control and verify critical real-time systems,Pierre-Emmanuel Hladik,Male,4,1,0,1,0,0
,FÃ©lix Ingrand,Male,,,,,0,0
,Silvano Dal Zilio,Male,,,,,0,0
,Reyyan Tekin,Female,,,,,0,0
Automated identification of security discussions in microservices systems: Industrial surveys and experiments,Ali Rezaei Nasab,Male,8,2,0,1,0,0
,Mojtaba Shahin,Male,,,,,0,1
,Peng Liang,Male,,,,,0,0
,Mohammad Ehsan Basiri,Male,,,,,0,1
,Seyed Ali Hoseyni Raviz,Male,,,,,0,0
,Hourieh Khalajzadeh,Female,,,,,1,0
,Muhammad Waseem,Male,,,,,0,0
,Amineh Naseri,Female,,,,,0,0
How to identify class comment types? A multi-language approach for class comment classification,Pooja Rani,Female,5,1,1,0,0,0
,Sebastiano Panichella,Male,,,,,0,0
,Manuel Leuenberger,Male,,,,,0,0
,Andrea Di Sorbo,Male,,,,,0,0
,Oscar Nierstrasz,Male,,,,,0,1
"Architecture information communication in two OSS projects: The why, who, when, and what",Tingting Bi,Female,4,1,1,0,0,0
,Wei Ding,Male,,,,,0,0
,Peng Liang,Male,,,,,0,1
,Antony Tang,Male,,,,,0,1
Investigating and recommending co-changed entities for JavaScript programs,Zijian Jiang,Male,3,1,0,1,0,0
,Hao Zhong,Male,,,,,0,0
,Na Meng,Female,,,,,1,0
Software defect prediction based on enhanced metaheuristic feature selection optimization and a hybrid deep neural network,Kun Zhu,Male,4,2,0,1,0,0
,Shi Ying,Female,,,,,1,0
,Nana Zhang,Female,,,,,0,0
,Dandan Zhu,Male,,,,,0,0
Tuning configuration of Apache Spark on public clouds by combining multi-objective optimization and performance prediction model,Guoli Cheng,Male,3,1,0,1,0,0
,Shi Ying,Female,,,,,1,0
,Bingming Wang,Male,,,,,0,0
Model-based testing in practice: An experience report from the web applications domain,Vahid Garousi,Male,5,1,0,1,0,0
,Alper BuÄŸra KeleÅŸ,Male,,,,,0,1
,Yunus Balaman,Male,,,,,0,0
,Zeynep Ã–zdemir GÃ¼ler,Female,,,,,1,0
,Andrea Arcuri,Male,,,,,0,0
A sustainable-development approach for self-adaptive cyberâ€“physical systemâ€™s life cycle: A systematic mapping study,Luisa Restrepo,Female,4,2,1,0,0,0
,Jose Aguilar,Male,,,,,0,0
,Mauricio Toro,Male,,,,,0,0
,Elizabeth SuescÃºn,Female,,,,,0,0
ARTINALI++: Multi-dimensional Specification Mining for Complex Cyber-Physical System Security,Maryam Raiyat Aliabadi,Female,3,1,1,0,0,0
,Mojtaba Vahidi Asl,Male,,,,,0,1
,Ramak Ghavamizadeh,Male,,,,,0,1
Deployment and communication patterns in microservice architectures: A systematic literature review,IÅŸÄ±l Karabey Aksakalli,Female,4,1,1,0,0,0
,Turgay Ã‡elik,Male,,,,,0,0
,Ahmet Burak Can,Male,,,,,0,1
,Bedir TekiÌ‡nerdoÄŸan,Male,,,,,0,1
Understanding the perceived relevance of capability measures: A survey of Agile Software Development practitioners,Sai Datta Vishnubhotla,Male,3,1,0,1,0,0
,Emilia Mendes,Female,,,,,1,0
,Lars Lundberg,Male,,,,,0,0
Mining guidelines for architecting robotics software,Ivano Malavolta,Male,5,2,0,1,0,0
,Grace A. Lewis,Female,,,,,0,0
,Bradley Schmerl,Male,,,,,0,0
,Patricia Lago,Female,,,,,0,0
,David Garlan,Male,,,,,0,0
Finding security threats that matter: Two industrial case studies,Katja Tuma,Female,6,1,1,0,0,0
,Christian Sandberg,Male,,,,,0,0
,Urban Thorsson,Male,,,,,0,0
,Mathias Widman,Male,,,,,0,0
,Thomas Herpel,Male,,,,,0,0
,Riccardo Scandariato,Male,,,,,0,1
A study on correlations between architectural smells and design patterns,Ilaria Pigazzini,Female,3,2,1,0,0,0
,Francesca Arcelli Fontana,Female,,,,,1,0
,Bartosz Walter,Male,,,,,0,0
Android code smells: From introduction to refactoring,Sarra Habchi,Female,3,2,1,0,0,0
,Naouel Moha,Female,,,,,0,0
,Romain Rouvoy,Male,,,,,0,1
System quality and security certification in seven weeks: A multi-case study in Spanish SMEs,Domingo Gaitero,Male,3,1,0,1,0,0
,Marcela Genero,Female,,,,,0,0
,Mario Piattini,Male,,,,,0,0
An extensive study on smell-aware bug localization,Aoi Takahashi,Female,4,1,1,0,0,0
,Natthawute Sae-Lim,Male,,,,,0,0
,Shinpei Hayashi,Male,,,,,0,0
,Motoshi Saeki,Male,,,,,0,0
Digging into group establishment: Intervention design and evaluation,Ville IsomÃ¶ttÃ¶nen,Male,2,1,0,1,0,0
,Emmi Ritvos,Female,,,,,0,0
Application of agile methods in traditional logistics companies and logistics startups,Malena Zielske,Female,2,1,1,0,0,0
,Tobias Held,Male,,,,,0,1
An empirical study on the co-occurrence between refactoring actions and Self-Admitted Technical Debt removal,Martina Iammarino,Female,4,3,1,0,0,0
,Fiorella Zampetti,Female,,,,,0,0
,Lerina Aversano,Female,,,,,0,0
,Massimiliano Di Penta,Male,,,,,0,0
Multilayered review of safety approaches for machine learning-based systems in the days of AI,Sangeeta Dey,Female,2,1,1,0,0,0
,Seok-Won Lee,Male,,,,,0,1
Evaluating the effectiveness of risk containers to isolate change propagation,Andrew Leigh,Male,3,1,0,1,0,0
,Michel Wermelinger,Male,,,,,0,1
,Andrea Zisman,Female,,,,,1,0
Tigris: A DSL and framework for monitoring software systems at runtime,Jhonny Mertz,Male,2,1,0,1,0,0
,Ingrid Nunes,Female,,,,,1,0
"The symptoms, causes, and repairs of bugs inside a deep learning library",Li Jia,Female,5,2,1,0,0,0
,Hao Zhong,Male,,,,,0,0
,Xiaoyin Wang,Female,,,,,0,0
,Linpeng Huang,Male,,,,,0,1
,Xuansheng Lu,Male,,,,,0,0
A Kubernetes controller for managing the availability of elastic microservice based stateful applications,Leila Abdollahi Vayghan,Female,4,2,1,0,1,0
,Mohamed Aymen Saied,Male,,,,,0,1
,Maria Toeroe,Female,,,,,1,0
,Ferhat Khendek,Male,,,,,0,1
ProDSPL: Proactive self-adaptation based on Dynamic Software Product Lines,Inmaculada Ayala,Female,4,3,1,0,0,0
,Alessandro V. Papadopoulos,Male,,,,,0,0
,Mercedes Amor,Female,,,,,0,0
,Lidia Fuentes,Female,,,,,1,0
"A systematic literature review of blockchain and smart contract development: Techniques, tools, and open challenges",Anna Vacca,Female,4,1,1,0,0,0
,Andrea Di Sorbo,Male,,,,,0,0
,Corrado A. Visaggio,Male,,,,,0,0
,Gerardo Canfora,Male,,,,,0,1
A family of experiments to generate graphical user interfaces from BPMN models with stereotypes,Eduardo DÃ­az,Male,4,1,0,1,0,0
,JosÃ© Ignacio Panach,Male,,,,,0,1
,Silvia Rueda,Female,,,,,0,0
,Damiano Distante,Male,,,,,0,0
Signal-Based Properties of Cyber-Physical Systems: Taxonomy and Logic-based Characterization,Chaima Boufaied,Female,5,1,1,0,0,0
,Maris Jukss,Male,,,,,0,0
,Domenico Bianculli,Male,,,,,0,1
,Lionel Claude Briand,Male,,,,,0,1
,Yago Isasi Parache,Male,,,,,0,0
A comprehensive comparative study of clustering-based unsupervised defect prediction models,Zhou Xu,Male,8,2,0,1,0,0
,Li Li,Female,,,,,0,0
,Meng Yan,Male,,,,,0,1
,Jin Liu,Male,,,,,0,1
,Xiapu Luo,Male,,,,,0,0
,John Grundy,Male,,,,,0,0
,Yifeng Zhang,Male,,,,,0,0
,Xiaohong Zhang,Female,,,,,0,0
On the impact of release policies on bug handling activity: A case study of Eclipse,Zeinab Abou Khalil,Female,4,2,1,0,1,0
,Eleni Constantinou,Female,,,,,1,0
,Tom Mens,Male,,,,,0,1
,Laurence Duchien,Male,,,,,0,1
How are issue reports discussed in Gitter chat rooms?,Hareem Sahar,Female,3,1,1,0,0,0
,Abram Hindle,Male,,,,,0,1
,Cor-Paul Bezemer,Male,,,,,0,1
Convolutional neural networks for enhanced classification mechanisms of metamodels,Phuong T. Nguyen,Female,5,1,1,0,0,0
,Davide Di Ruscio,Male,,,,,0,1
,Alfonso Pierantonio,Male,,,,,0,1
,Juri Di Rocco,Male,,,,,0,0
,Ludovico Iovino,Male,,,,,0,0
An automated model-based approach to repair test suites of evolving web applications,Javaria Imtiaz,Female,3,1,1,0,0,0
,Muhammad Zohaib Iqbal,Male,,,,,0,1
,Muhammad Uzair Khan,Male,,,,,0,0
Legacy software migration based on timing contract aware real-time execution environments,Irune Yarza,Female,6,2,1,0,0,0
,Mikel Azkarate-askatsua,Male,,,,,0,1
,Peio Onaindia,Male,,,,,0,0
,Kim GrÃ¼ttner,Female,,,,,1,0
,Philipp Ittershagen,Male,,,,,0,0
,Wolfgang Nebel,Male,,,,,0,1
"A systematic literature review on Technical Debt prioritization: Strategies, processes, factors, and tools",Valentina Lenarduzzi,Female,5,3,1,0,0,0
,Terese Besker,Female,,,,,0,0
,Davide Taibi,Male,,,,,0,0
,Antonio Martini,Male,,,,,0,1
,Francesca Arcelli Fontana,Female,,,,,1,0
Does code quality affect pull request acceptance? An empirical study,Valentina Lenarduzzi,Female,4,2,1,0,0,0
,Vili Nikkola,Male,,,,,0,0
,Nyyti SaarimÃ¤ki,Female,,,,,0,0
,Davide Taibi,Male,,,,,0,1
Assurance and certification of cyberâ€“physical systems: The AMASS open source ecosystem,Jose Luis de la Vara,Male,3,1,0,1,0,0
,Alejandra Ruiz,Female,,,,,0,0
,GaÃ«l Blondelle,Male,,,,,0,0
Interdisciplinary effects of technical debt in companies with mechatronic products â€” a qualitative study,Birgit Vogel-Heuser,Female,2,1,1,0,1,0
,Fandi Bi,Male,,,,,0,0
A critical review on the evaluation of automated program repair systems,Kui Liu,Male,7,1,0,1,0,0
,Li Li,Female,,,,,0,0
,Anil Koyuncu,Male,,,,,0,1
,Dongsun Kim,Male,,,,,0,0
,Zhe Liu,Male,,,,,0,1
,Jacques Klein,Male,,,,,0,1
,TegawendÃ© F. BissyandÃ©,Male,,,,,0,1
An evolutionary approach for generating software models: The case of Kromaia in Game Software Engineering,Daniel Blasco,Male,4,1,0,1,0,1
,Jaime Font,Male,,,,,0,0
,Mar Zamorano,Female,,,,,0,0
,Carlos Cetina,Male,,,,,0,1
Facilitating program comprehension with call graph multilevel hierarchical abstractions,Rakan Alanazi,Male,3,1,0,1,0,0
,Gharib Gharibi,Male,,,,,0,0
,Yugyung Lee,Female,,,,,1,0
Product metrics for spreadsheetsâ€”A systematic review,Birgit Hofer,Female,5,1,1,0,0,0
,Dietmar Jannach,Male,,,,,0,1
,Patrick Koch,Male,,,,,0,0
,Konstantin Schekotihin,Male,,,,,0,0
,Franz Wotawa,Male,,,,,0,1
"Accessibility in the mobile development industry in Brazil: Awareness, knowledge, adoption, motivations and barriers",Manoel Victor Rodrigues Leite,Male,4,1,0,1,0,0
,Lilian Passos Scatalon,Female,,,,,0,0
,AndrÃ© Pimenta Freire,Male,,,,,0,0
,Marcelo Medeiros Eler,Male,,,,,0,1
Concept drift-aware temporal cloud service APIs recommendation for building composite cloud systems,Lei Wang,Male,3,1,0,1,0,0
,Yunqiu Zhang,Female,,,,,0,0
,Xiaohu Zhu,Male,,,,,0,0
Product-line assurance cases from contract-based design,Damir NeÅ¡iÄ‡,Male,3,1,0,1,0,0
,Mattias Nyberg,Male,,,,,0,1
,Barbara Gallina,Female,,,,,1,0
GEML: A grammar-based evolutionary machine learning approach for design-pattern detection,Rafael Barbudo,Male,4,1,0,1,0,0
,Aurora RamÃ­rez,Female,,,,,0,0
,Francisco Servant,Male,,,,,0,0
,JosÃ© RaÃºl Romero,Male,,,,,0,1
Code smell detection by deep direct-learning and transfer-learning,Tushar Sharma,Male,4,1,0,1,0,0
,Vasiliki Efstathiou,Female,,,,,0,0
,Panos Louridas,Male,,,,,0,1
,Diomidis Spinellis,Male,,,,,0,1
How to kill them all: An exploratory study on the impact of code observability on mutation testing,Qianqian Zhu,Female,3,1,1,0,0,0
,Andy Zaidman,Male,,,,,0,1
,Annibale Panichella,Male,,,,,0,1
Requirements engineering challenges and practices in large-scale agile system development,Rashidah Kasauli,Female,5,2,1,0,0,0
,Eric Knauss,Male,,,,,0,1
,Jennifer Horkoff,Female,,,,,0,0
,Grischa Liebel,Male,,,,,0,0
,Francisco Gomes de Oliveira Neto,Male,,,,,0,0
Accessibility and Software Engineering Processes: A Systematic Literature Review,DÃ©bora Maria Barroso Paiva,Female,3,2,1,0,1,0
,AndrÃ© Pimenta Freire,Male,,,,,0,0
,Renata Pontin de Mattos Fortes,Female,,,,,0,0
Mining Architecture Tactics and Quality Attributes knowledge in Stack Overflow,Tingting Bi,Female,4,1,1,0,0,0
,Peng Liang,Male,,,,,0,1
,Antony Tang,Male,,,,,0,1
,Xin Xia,Male,,,,,0,1
Synthesizing researches on Knowledge Management and Agile Software Development using the Meta-ethnography method,Bianca Minetto NapoleÃ£o,Female,6,3,1,0,1,0
,Ã‰rica Ferreira de Souza,Female,,,,,1,0
,Glauco Antonio Ruiz,Male,,,,,0,0
,Katia Romero Felizardo,Female,,,,,0,0
,Giovani Volnei Meinerz,Male,,,,,0,0
,Nandamudi Lankalapalli Vijaykumar,Male,,,,,0,0
A qualitative analysis of themes in instant messaging communication of software developers,Camila Costa Silva,Female,3,1,1,0,0,0
,Matthias Galster,Male,,,,,0,1
,Fabian Gilson,Male,,,,,0,1
A sampling-based online Co-Location-Resistant Virtual Machine placement strategy,Marwa Thabet,Female,3,1,1,0,0,0
,Brahim Hnich,Male,,,,,0,1
,Mouhebeddine Berrima,Male,,,,,0,1
A software reliability growth model for imperfect debugging,Yeu-Shiang Huang,Male,3,1,0,1,0,1
,Kuei-Chen Chiu,Male,,,,,0,0
,Wan-Ming Chen,Female,,,,,0,0
A survey of software architectural change detection and categorization techniques,Amit Kumar Mondal,Male,4,1,0,1,0,0
,Kevin A. Schneider,Male,,,,,0,1
,Banani Roy,Female,,,,,1,0
,Chanchal K. Roy,Male,,,,,0,1
A systematic literature review on benchmarks for evaluating debugging approaches,Thomas Hirsch,Male,2,1,0,1,0,0
,Birgit Hofer,Female,,,,,0,0
A user survey on the adoption of crowd-based software engineering instructional screencasts by the new generation of software developers,Parisa Moslehi,Female,3,1,1,0,0,0
,Juergen Rilling,Male,,,,,0,1
,Bram Adams,Male,,,,,0,1
Adopting threat modelling in agile software development projects,Karin Bernsmed,Female,4,3,1,0,0,0
,Daniela Soares Cruzes,Female,,,,,0,0
,Martin Gilje Jaatun,Male,,,,,0,0
,Monica Iovan,Female,,,,,0,0
Agile methods used by traditional logistics companies and logistics start-ups: a systematic literature review,Malena Zielske,Female,2,1,1,0,0,0
,Tobias Held,Male,,,,,0,1
An architecture for mission coordination of heterogeneous robots,Gabriel Rodrigues,Male,6,1,0,1,0,0
,Ricardo Caldas,Male,,,,,0,0
,Gabriel Araujo,Male,,,,,0,0
,Vicente de Moraes,Male,,,,,0,0
,GenaÃ­na Rodrigues,Female,,,,,0,0
,Patrizio Pelliccione,Male,,,,,0,0
An automated extract method refactoring approach to correct the long method code smell,Mahnoosh Shahidi,Female,3,1,1,0,0,0
,Mehrdad Ashtiani,Male,,,,,0,1
,Morteza Zakeri-Nasrabadi,Male,,,,,0,1
An empirical characterization of software bugs in open-source Cyberâ€“Physical Systems,Fiorella Zampetti,Female,4,2,1,0,0,0
,Ritu Kapur,Female,,,,,0,0
,Massimiliano Di Penta,Male,,,,,0,0
,Sebastiano Panichella,Male,,,,,0,0
An empirical comparison of four Java-based regression test selection techniques,Min Kyung Shin,Female,3,1,1,0,0,0
,Sudipto Ghosh,Male,,,,,0,0
,Leo R. Vijayasarathy,Male,,,,,0,0
Assessing the linguistic quality of REST APIs for IoT applications,Francis Palma,Male,4,1,0,1,0,0
,Tobias Olsson,Male,,,,,0,0
,Anna Wingkvist,Female,,,,,0,0
,Javier Gonzalez-Huerta,Male,,,,,0,0
Automatically recognizing the semantic elements from UML class diagram images,Fangwei Chen,Male,4,1,0,1,0,0
,Li Zhang,Male,,,,,0,0
,Xiaoli Lian,Female,,,,,0,0
,Nan Niu,Male,,,,,0,0
Changes in perceived productivity of software engineers during COVID-19 pandemic: The voice of evidence,Darja Smite,Female,6,4,1,0,0,0
,Anastasiia Tkalich,Female,,,,,0,0
,Nils Brede Moe,Male,,,,,0,0
,Efi Papatheocharous,Female,,,,,0,0
,Eriks Klotins,Male,,,,,0,0
,Marte Pettersen Buvik,Female,,,,,0,0
CIT-daily: A combinatorial interaction testing-based daily build process,Hanefi Mercan,Male,6,2,0,1,0,0
,Atakan Aytar,Male,,,,,0,0
,Giray Coskun,Male,,,,,0,0
,Dilara Mustecep,Female,,,,,0,0
,GuÌˆlsuÌˆm Uzer,Female,,,,,0,0
,Cemal Yilmaz,Male,,,,,0,1
Classifying crowdsourced mobile test reports with image features: An empirical study,Yuying Li,Female,7,1,1,0,0,0
,Yang Feng,Male,,,,,0,0
,Rui Hao,Male,,,,,0,0
,Di Liu,Male,,,,,0,0
,Chunrong Fang,Male,,,,,0,0
,Zhenyu Chen,Male,,,,,0,0
,Baowen Xu,Male,,,,,0,1
Conformance assessment of Architectural Design Decisions on API endpoint designs derived from domain modelsâœ©,Apitchaka Singjai,Female,2,1,1,0,0,0
,Uwe Zdun,Male,,,,,0,1
Data management for production quality deep learning models: Challenges and solutions,Aiswarya Raj Munappy,Female,5,2,1,0,0,0
,Jan Bosch,Male,,,,,0,0
,Helena HolmstrÃ¶m Olsson,Female,,,,,0,0
,Anders Arpteg,Male,,,,,0,0
,BjÃ¶rn Brinne,Male,,,,,0,0
Deep learning application on code clone detection: A review of current knowledge,Maggie Lei,Female,5,2,1,0,0,0
,Hao Li,Male,,,,,0,0
,Ji Li,Male,,,,,0,0
,Namrata Aundhkar,Female,,,,,0,0
,Dae-Kyoo Kim,Male,,,,,0,1
Developersâ€™ need for the rationale of code commits: An in-breadth and in-depth study,Khadijah Al Safwan,Female,3,1,1,0,1,0
,Mohammed Elarnaoty,Male,,,,,0,0
,Francisco Servant,Male,,,,,0,1
Emotimonitor: A Trello power-up to capture and monitor emotions of Agile teamsâœ©,Mohammed-Amr Abd El-Migid,Male,7,2,0,1,0,0
,Damon Cai,Male,,,,,0,0
,Thomas Niven,Male,,,,,0,0
,Jeffrey Vo,Male,,,,,0,0
,Kashumi Madampe,Female,,,,,1,0
,John Grundy,Male,,,,,0,1
,Rashina Hoda,Female,,,,,0,0
Estimating the potential of program repair search spaces with commit analysis,Khashayar Etemadi,Male,5,1,0,1,0,0
,Niloofar Tarighat,Female,,,,,0,0
,Siddharth Yadav,Male,,,,,0,0
,Matias Martinez,Male,,,,,0,1
,Martin Monperrus,Male,,,,,0,1
Exploiting gated graph neural network for detecting and explaining self-admitted technical debts,Jiaojiao Yu,Female,6,1,1,0,0,0
,Kunsong Zhao,Male,,,,,0,0
,Jin Liu,Male,,,,,0,1
,Xiao Liu,Male,,,,,0,0
,Zhou Xu,Male,,,,,0,0
,Xin Wang,Male,,,,,0,0
Exploring factors and metrics to select open source software components for integration: An empirical study,Xiaozhou Li,Male,4,1,0,1,0,0
,Sergio Moreschini,Male,,,,,0,0
,Zheying Zhang,Female,,,,,0,0
,Davide Taibi,Male,,,,,0,1
Exploring multi-programming-language commits and their impacts on software quality: An empirical study on Apache projects,Zengyang Li,Male,6,2,0,1,0,0
,Xiaoxiao Qi,Female,,,,,0,0
,Qinyi Yu,Female,,,,,0,0
,Peng Liang,Male,,,,,0,0
,Ran Mo,Male,,,,,0,0
,Chen Yang,Male,,,,,0,0
Factors affecting Agile adoption: An industry research study of the mobile app sector in Saudi Arabia,Fahad S. Altuwaijri,Male,2,1,0,1,0,0
,Maria Angela Ferrario,Female,,,,,1,0
"GitHub repositories with links to academic papers: Public access, traceability, and evolutionâœ©",Supatsara Wattanakriengkrai,Female,7,2,1,0,0,0
,Bodin Chinthanet,Male,,,,,0,0
,Hideaki Hata,Male,,,,,0,0
,Raula Gaikovina Kula,Male,,,,,0,0
,Christoph Treude,Male,,,,,0,0
,Jin Guo,Female,,,,,0,0
,Kenichi Matsumoto,Male,,,,,0,1
GT-SimNet: Improving code automatic summarization via multi-modal similarity networks,Xuejian Gao,Male,6,2,0,1,0,0
,Xue Jiang,Female,,,,,0,0
,Qiong Wu,Female,,,,,0,0
,Xiao Wang,Male,,,,,0,0
,Chen Lyu,Male,,,,,0,1
,Lei Lyu,Male,,,,,0,0
Hierarchical semantic-aware neural code representationâœ©,Yuan Jiang,Male,4,1,0,1,0,0
,Xiaohong Su,Male,,,,,0,1
,Christoph Treude,Male,,,,,0,0
,Tiantian Wang,Female,,,,,0,0
How has design thinking being used and integrated into software development activities? A systematic mapping,Rafael Parizi,Male,4,2,0,1,0,0
,Matheus Prestes,Male,,,,,0,0
,Sabrina Marczak,Female,,,,,1,0
,Tayana Conte,Female,,,,,1,0
How secondary school girls perceive Computational Thinking practices through collaborative programming with the micro,Mojtaba Shahin,Male,6,1,0,1,0,0
,Christabel Gonsalvez,Female,,,,,1,0
,Jon Whittle,Male,,,,,0,1
,Chunyang Chen,Male,,,,,0,1
,Li Li,Male,,,,,0,1
,Xin Xia,Male,,,,,0,1
Identification and measurement of Requirements Technical Debt in software development: A systematic literature review,Ana Melo,Female,4,3,1,0,0,0
,Roberta Fagundes,Female,,,,,0,0
,Valentina Lenarduzzi,Female,,,,,0,0
,Wylliams Barbosa Santos,Male,,,,,0,1
Just-in-time software vulnerability detection: Are we there yet?,Francesco Lomio,Male,5,1,0,1,0,0
,Emanuele Iannone,Male,,,,,0,0
,Andrea De Lucia,Male,,,,,0,1
,Fabio Palomba,Male,,,,,0,0
,Valentina Lenarduzzi,Female,,,,,0,0
Modelling and executing IoT-enhanced business processes through BPMN and microservices,Pedro Valderas,Male,3,2,0,1,0,0
,Victoria Torres,Female,,,,,0,0
,EstefanÃ­a Serral,Female,,,,,0,0
Moderator factors of software security and performance verificationâœ©,Victor Vidigal Ribeiro,Male,3,1,0,1,0,0
,Daniela Soares Cruzes,Female,,,,,0,0
,Guilherme Horta Travassos,Male,,,,,0,0
Multi-paradigm modeling for cyberâ€“physical systems: A systematic mapping review,Ankica BariÅ¡iÄ‡,Female,12,7,1,0,1,0
,Ivan Ruchkin,Male,,,,,0,1
,DuÅ¡an SaviÄ‡,Male,,,,,0,0
,Mustafa Abshir Mohamed,Male,,,,,0,0
,Rima Al-Ali,Female,,,,,0,0
,Letitia W. Li,Female,,,,,0,0
,Hana Mkaouar,Female,,,,,0,0
,Raheleh Eslampanah,Female,,,,,0,0
,Moharram Challenger,Male,,,,,0,0
,Dominique Blouin,Female,,,,,0,0
,Oksana Nikiforova,Female,,,,,0,0
,Antonio Cicchetti,Male,,,,,0,1
Mutation-based analysis of queueing network performance models,Thomas Laurent,Male,4,1,0,1,0,0
,Paolo Arcaini,Male,,,,,0,0
,Catia Trubiani,Female,,,,,0,0
,Anthony Ventresque,Male,,,,,0,0
Mutation testing of PL/SQL programsâœ©,Arzu Behiye TarÄ±mcÄ±,Female,2,1,1,0,0,0
,Hasan SÃ¶zer,Male,,,,,0,1
On the benefits and problems related to using Definition of Doneâ€”A survey studyâœ©,Sylwia KopczyÅ„ska,Female,4,1,1,0,1,0
,MirosÅ‚aw Ochodek,Male,,,,,0,0
,Jakub Piechowiak,Male,,,,,0,0
,Jerzy Nawrocki,Male,,,,,0,0
On the evaluation of usability design guidelines for improving network monitoring tools interfaces,Sofia A.M. Silveira,Female,4,2,1,0,0,0
,Luciana A.M. Zaina,Female,,,,,1,0
,Leobino N. Sampaio,Male,,,,,0,0
,FÃ¡bio L. Verdi,Male,,,,,0,1
On the use of artificial intelligence to deal with privacy in IoT systems: A systematic literature review,Giammaria Giordano,Male,3,1,0,1,0,0
,Fabio Palomba,Male,,,,,0,0
,Filomena Ferrucci,Female,,,,,1,0
Preventing accessibility barriers: Guidelines for using user interface design patterns in mobile applications,Luciana A.M. Zaina,Female,5,3,1,0,1,0
,Renata P.M. Fortes,Female,,,,,1,0
,Vitor Casadei,Male,,,,,0,0
,Leornardo Seiji Nozaki,Male,,,,,0,0
,DÃ©bora Maria Barroso Paiva,Female,,,,,1,0
Profiling gas consumption in Solidity smart contracts,Andrea Di Sorbo,Male,5,2,0,1,0,0
,Sonia Laudanna,Female,,,,,0,0
,Anna Vacca,Female,,,,,0,0
,Corrado A. Visaggio,Male,,,,,0,0
,Gerardo Canfora,Male,,,,,0,1
Quality measurement in agile and rapid software development: A systematic mapping,Lidia LÃ³pez,Female,9,3,1,0,1,0
,Xavier BurguÃ©s,Male,,,,,0,0
,Silverio MartÃ­nez-FernÃ¡ndez,Male,,,,,0,0
,Anna Maria Vollmer,Female,,,,,0,0
,Woubshet Behutiye,Male,,,,,0,0
,Pertti KarhapÃ¤Ã¤,Male,,,,,0,0
,Xavier Franch,Male,,,,,0,1
,Pilar RodrÃ­guez,Female,,,,,0,0
,Markku Oivo,Male,,,,,0,0
Quantitative verification with adaptive uncertainty reduction,Naif Alasmari,Male,4,1,0,1,0,0
,Radu Calinescu,Male,,,,,0,1
,Colin Paterson,Male,,,,,0,0
,Raffaela Mirandola,Female,,,,,0,0
Random or heuristic? An empirical study on path search strategies for test generation in KLEE,Zhiyi Zhang,Male,6,1,0,1,0,1
,Ziyuan Wang,Male,,,,,0,0
,Fan Yang,Male,,,,,0,0
,Jiahao Wei,Male,,,,,0,0
,Yuqian Zhou,Female,,,,,0,0
,Zhiqiu Huang,Male,,,,,0,0
Revealing the state of the art of large-scale agile development research: A systematic mapping study,Ã–mer UludaÄŸ,Male,6,2,0,1,0,1
,Pascal Philipp,Male,,,,,0,0
,Abheeshta Putta,Female,,,,,0,0
,Maria Paasivaara,Female,,,,,1,0
,Casper Lassenius,Male,,,,,0,1
,Florian Matthes,Male,,,,,0,1
Self-adaptive mobile web service discovery framework for Dynamic Mobile Environment,Salisu Garba,Male,3,2,0,1,0,0
,Radziah Mohamad,Female,,,,,1,0
,Nor Azizah Saadon,Female,,,,,0,0
SEXTAMT: A systematic map to navigate the wide seas of factors affecting expert judgment software estimates,PatrÃ­cia Gomes Fernandes Matsubara,Female,4,2,1,0,0,0
,Bruno Freitas Gadelha,Male,,,,,0,1
,Igor Steinmacher,Male,,,,,0,0
,Tayana UchÃ´a Conte,Female,,,,,1,0
Sharing runtime permission issues for developers based on similar-app review mining,Hongcan Gao,Male,7,1,0,1,0,0
,Chenkai Guo,Male,,,,,0,0
,Guangdong Bai,Male,,,,,0,0
,Dengrong Huang,Male,,,,,0,0
,Zhen He,Male,,,,,0,0
,Yanfeng Wu,Male,,,,,0,0
,Jing Xu,Female,,,,,1,0
Spreadsheet debugging: The perils of tool over-reliance,Adil Mukhtar,Male,4,1,0,1,0,0
,Birgit Hofer,Female,,,,,0,0
,Dietmar Jannach,Male,,,,,0,1
,Franz Wotawa,Male,,,,,0,1
Systematic literature review of domain-oriented specification techniques,Robert Deckers,Male,2,1,0,1,0,0
,Patricia Lago,Female,,,,,1,0
Taxonomy of security weaknesses in Java and Kotlin Android apps,Alejandro Mazuera-Rozo,Male,7,1,0,1,0,0
,Camilo Escobar-VelÃ¡squez,Male,,,,,0,0
,Juan Espitia-Acero,Male,,,,,0,0
,David Vega-GuzmÃ¡n,Male,,,,,0,0
,Catia Trubiani,Female,,,,,0,0
,Mario Linares-VÃ¡squez,Male,,,,,0,1
,Gabriele Bavota,Male,,,,,0,1
Technical debts and faults in open-source quantum software systems: An empirical study,Moses Openja,Male,5,1,0,1,0,0
,Mohammad Mehdi Morovati,Male,,,,,0,0
,Le An,Male,,,,,0,0
,Foutse Khomh,Male,,,,,0,1
,Mouna Abidi,Female,,,,,0,0
The state of research on software engineering competencies: A systematic mapping study,Nana Assyne,Female,3,2,1,0,0,0
,Hadi Ghanbari,Male,,,,,0,1
,Mirja Pulkkinen,Female,,,,,1,0
Towards a logical framework for ideal MBSE tool selection based on discipline specific requirements,Azad Khandoker,Male,8,1,0,1,0,0
,Sabine Sint,Female,,,,,0,0
,Guido Gessl,Male,,,,,0,0
,Klaus Zeman,Male,,,,,0,1
,Franz Jungreitmayr,Male,,,,,0,0
,Helmut Wahl,Male,,,,,0,0
,Andreas Wenigwieser,Male,,,,,0,0
,Roland Kretschmer,Male,,,,,0,0
Transformation-based model checking temporal trust in multi-agent systems,Nagat Drawel,Female,4,1,1,0,0,0
,Amine Laarej,Male,,,,,0,0
,Jamal Bentahar,Male,,,,,0,0
,Mohamed El Menshawy,Male,,,,,0,0
Usability inspection: Novice crowd inspectors versus expertâœ©,Muhammad Nasir,Male,3,1,0,1,0,0
,Naveed Ikram,Male,,,,,0,1
,Zakia Jalil,Female,,,,,0,0
Using deep temporal convolutional networks to just-in-time forecast technical debt principal,Pasquale Ardimento,Male,5,3,0,1,0,0
,Lerina Aversano,Female,,,,,0,0
,Mario Luca Bernardi,Male,,,,,0,0
,Marta Cimitile,Female,,,,,0,0
,Martina Iammarino,Female,,,,,0,0
Visualization of aggregated information to support class-level software evolution,Mona Rahimi,Female,2,1,1,0,0,0
,Michael Vierhauser,Male,,,,,0,0
VulSlicer: Vulnerability detection through code slicing,Solmaz Salimi,Female,2,1,1,0,0,0
,Mehdi Kharrazi,Male,,,,,0,1
Wayback Machine: A tool to capture the evolutionary behavior of the bug reports and their triage process in open-source software systems,Hadi Jahanshahi,Male,5,1,0,1,0,0
,Mucahit Cevik,Male,,,,,0,1
,JosÃ© Navas-SÃº,Male,,,,,0,0
,AyÅŸe BaÅŸar,Female,,,,,1,0
,Antonio GonzÃ¡lez-Torres,Male,,,,,0,1
What factors affect the UX in mobile apps? A systematic mapping study on the analysis of app store reviews,Walter T. Nakamura,Male,5,2,0,1,0,0
,Edson Cesar de Oliveira,Male,,,,,0,0
,Elaine H.T. de Oliveira,Female,,,,,0,0
,David Redmiles,Male,,,,,0,1
,Tayana Conte,Female,,,,,1,0
Identifying refactoring opportunities for large packages by analyzing maintainability characteristics in Java OSS,Haris Mumtaz,Male,3,1,0,1,0,0
,Paramvir Singh,Male,,,,,0,1
,Kelly Blincoe,Female,,,,,1,0
Studying the association between Gitcoinâ€™s issues and resolving outcomes,Morakot Choetkiertikul,Male,8,3,0,1,0,1
,Arada Puengmongkolchaikit,Female,,,,,0,0
,Pandaree Chandra,Female,,,,,0,0
,Chaiyong Ragkhitwetsagul,Male,,,,,0,0
,Rungroj Maipradit,Male,,,,,0,0
,Hideaki Hata,Male,,,,,0,1
,Thanwadee Sunetnanta,Female,,,,,0,0
,Kenichi Matsumoto,Male,,,,,0,0
Continuous verification with acknowledged MAPE-K pattern and time logic-based slicing: A platooning system of systems case study,Jiyoung Song,Female,2,1,1,0,0,0
,Doo-Hwan Bae,Male,,,,,0,1
Enhancing Ethereum smart-contracts static analysis by computing a precise Control-Flow Graph of Ethereum bytecode,Michele Pasqua,Male,6,1,0,1,0,0
,Andrea Benini,Male,,,,,0,0
,Filippo Contro,Male,,,,,0,0
,Marco Crosara,Male,,,,,0,0
,Mila Dalla Preda,Female,,,,,0,0
,Mariano Ceccato,Male,,,,,0,1
VsusFL: Variable-suspiciousness-based Fault Localization for novice programs,Zheng Li,Male,7,1,0,1,0,1
,Shumei Wu,Female,,,,,0,0
,Yong Liu,Male,,,,,0,1
,Jitao Shen,Male,,,,,0,0
,Yonghao Wu,Male,,,,,0,0
,Zhanwen Zhang,Male,,,,,0,0
,Xiang Chen,Male,,,,,0,0
Behaviour driven development: A systematic mapping study,Leonard Peter Binamungu,Male,2,1,0,1,0,0
,Salome Maro,Female,,,,,0,0
Empathy models and software engineering â€” A preliminary analysis and taxonomy,Hashini Gunatilake,Female,4,2,1,0,0,0
,John Grundy,Male,,,,,0,0
,Ingo Mueller,Male,,,,,0,0
,Rashina Hoda,Female,,,,,0,0
Boosting multi-objective just-in-time software defect prediction by fusing expert metrics and semantic metrics,Xiang Chen,Male,5,1,0,1,0,1
,Hongling Xia,Female,,,,,0,0
,Wenlong Pei,Male,,,,,0,0
,Chao Ni,Male,,,,,0,0
,Ke Liu,Male,,,,,0,0
TitleGen-FL: Quality prediction-based filter for automated issue title generation,Hao Lin,Male,8,1,0,1,0,0
,Xiang Chen,Male,,,,,0,1
,Xuejiao Chen,Female,,,,,0,0
,Zhanqi Cui,Male,,,,,0,0
,Yun Miao,Male,,,,,0,0
,Shan Zhou,Male,,,,,0,0
,Jianmin Wang,Male,,,,,0,0
,Zhan Su,Male,,,,,0,0
ExploitGen: Template-augmented exploit code generation based on CodeBERT,Guang Yang,Male,6,1,0,1,0,0
,Yu Zhou,Male,,,,,0,1
,Xiang Chen,Male,,,,,0,0
,Xiangyu Zhang,Male,,,,,0,0
,Tingting Han,Female,,,,,0,0
,Taolue Chen,Male,,,,,0,0
Software engineering research on the Robot Operating System: A systematic mapping study,Michel Albonico,Male,4,1,0,1,0,0
,Milica ÄorÄ‘eviÄ‡,Female,,,,,0,0
,Engel Hamer,Male,,,,,0,0
,Ivano Malavolta,Male,,,,,0,1
Open tracing tools: Overview and critical comparison,Andrea Janes,Female,3,2,1,0,0,0
,Xiaozhou Li,Male,,,,,0,0
,Valentina Lenarduzzi,Female,,,,,1,0
"A critical comparison on six static analysis tools: Detection, agreement, and precision",Valentina Lenarduzzi,Female,5,3,1,0,0,0
,Fabiano Pecorelli,Male,,,,,0,0
,Nyyti Saarimaki,Female,,,,,0,0
,Savanna Lujan,Female,,,,,0,0
,Fabio Palomba,Male,,,,,0,1
"Test flakinessâ€™ causes, detection, impact and responses: A multivocal review",Amjed Tahir,Male,5,2,0,1,0,0
,Shawn Rasheed,Male,,,,,0,0
,Jens Dietrich,Male,,,,,0,0
,Negar Hashemi,Female,,,,,0,0
,Lu Zhang,Female,,,,,0,0
Transitioning a project-based course between onsite and online. An experience report,Dan Mircea Suciu,Male,3,1,0,1,0,0
,Simona Motogna,Female,,,,,0,0
,Arthur-Jozsef Molnar,Male,,,,,0,0
Catalog and detection techniques of microservice anti-patterns and bad smells: A tertiary study,Tomas Cerny,Male,5,1,0,1,0,1
,Amr S. Abdelfattah,Male,,,,,0,0
,Abdullah Al Maruf,Male,,,,,0,0
,Andrea Janes,Female,,,,,0,0
,Davide Taibi,Male,,,,,0,1
Automatic prediction of developersâ€™ resolutions for software merge conflicts,Waad Aldndni,Female,3,2,1,0,0,0
,Na Meng,Female,,,,,1,0
,Francisco Servant,Male,,,,,0,1
Investigating the role of Product Owner in Scrum teams: Differentiation between organisational and individual impacts and opportunities,Maja Due Kadenic,Female,5,2,1,0,0,0
,Diego Augusto de Jesus Pacheco,Male,,,,,0,0
,Konstantinos Koumaditis,Male,,,,,0,0
,Gitte TjÃ¸rnehÃ¸j,Female,,,,,0,0
,Torben Tambo,Male,,,,,0,0
The impact of unequal contributions in student software engineering team projects,Kamilla Kopec-Harding,Female,5,3,1,0,0,0
,Sukru Eraslan,Male,,,,,0,0
,Bowen Cai,Male,,,,,0,0
,Suzanne M. Embury,Female,,,,,0,0
,Caroline Jay,Female,,,,,1,0
Pragmatic evidence of cross-language link detection: A systematic literature review,Saira Latif a,Female,6,2,1,0,0,0
,Zaigham Mushtaq b,Male,,,,,0,0
,Ghulam Rasool c,Male,,,,,0,0
,Furqan Rustam d,Male,,,,,0,0
,Naila Aslam e,Female,,,,,0,0
,Imran Ashraf f,Male,,,,,0,1
CharM â€” Evaluating a model for characterizing service-based architectures,Thatiane de Oliveira Rosa,Female,4,1,1,0,0,0
,Eduardo Martins Guerra,Male,,,,,0,0
,Filipe Figueiredo Correia,Male,,,,,0,1
,Alfredo Goldman,Male,,,,,0,0
Comparing software product lines and Clone and Own for game software engineering under two paradigms: Model-driven development and code-driven development,Jorge Chueca,Male,6,2,0,1,0,0
,Jose Ignacio Trasobares,Male,,,,,0,0
,Ãfrica Domingo,Female,,,,,0,0
,Lorena Arcega,Female,,,,,0,0
,Carlos Cetina,Male,,,,,0,0
,Jaime Font,Male,,,,,0,1
Human factors in developing automated vehicles: A requirements engineering perspective,Amna Pir Muhammad,Female,3,1,1,0,0,0
,Eric Knauss,Male,,,,,0,0
,Jonas BÃ¤rgman,Male,,,,,0,0
On the impact of single and co-occurrent refactorings on quality attributes in android applications,Ali Ouni,Male,6,2,0,1,0,1
,Eman Abdullah AlOmar,Female,,,,,0,0
,Oumayma Hamdi,Female,,,,,0,0
,Mel Ã“ CinnÃ©ide,Male,,,,,0,0
,Mohamed Wiem Mkaouer,Male,,,,,0,0
,Mohamed Aymen Saied,Male,,,,,0,0
An effective fault localization approach based on PageRank and mutation analysis,Yue Yan,Female,4,3,1,0,0,0
,Shujuan Jiang,Female,,,,,0,0
,Yanmei Zhang,Female,,,,,1,0
,Cheng Zhang,Male,,,,,0,0
An empirical study on real bug fixes from solidity smart contract projects,Yilin Wang,Female,6,2,1,0,0,0
,Xiangping Chen,Male,,,,,0,0
,Yuan Huang,Male,,,,,0,0
,Hao-Nan Zhu,Male,,,,,0,0
,Jing Bian,Female,,,,,0,0
,Zibin Zheng,Male,,,,,0,1
A catalogue of game-specific anti-patterns based on GitHub and Game Development Stack Exchange,Vartika Agrahari,Female,4,1,1,0,0,0
,Shriram Shanbhag,Male,,,,,0,0
,Sridhar Chimalakonda,Male,,,,,0,1
,A. Eashaan Rao,Male,,,,,0,0
Automatic software vulnerability assessment by extracting vulnerability elements,Xiaobing Sun,Male,7,3,0,1,0,0
,Zhenlei Ye,Male,,,,,0,0
,Lili Bo,Female,,,,,1,0
,Xiaoxue Wu,Female,,,,,1,0
,Ying Wei,Female,,,,,1,0
,Tao Zhang,Male,,,,,0,0
,Bin Li,Male,,,,,0,0
Semantic feature learning for software defect prediction from source code and external knowledge,Jingyu Liu,Male,5,1,0,1,0,0
,Jun Ai,Male,,,,,0,1
,Minyan Lu,Female,,,,,1,0
,Jie Wang,Male,,,,,0,0
,Haoxiang Shi,Male,,,,,0,0
ARist: An effective API argument recommendation approach,Son Nguyen,Male,7,1,0,1,0,0
,Cuong Tran Manh,Male,,,,,0,0
,Kien T. Tran,Male,,,,,0,0
,Tan M. Nguyen,Male,,,,,0,0
,Thu-Trang Nguyen,Female,,,,,0,0
,Kien-Tuan Ngo,Male,,,,,0,0
,Hieu Dinh Vo,Male,,,,,0,1
On the roles of software testers: An exploratory study,Raluca Florea,Female,3,2,1,0,0,0
,Viktoria Stray,Female,,,,,1,0
,Dag I.K. SjÃ¸berg,Male,,,,,0,1
Dialog summarization for software collaborative platform via tuning pre-trained models,Guodong Fan,Male,7,1,0,1,0,0
,Shizhan Chen,Male,,,,,0,1
,Hongyue Wu,Male,,,,,0,0
,Cuiyun Gao,Female,,,,,1,0
,Jianmao Xiao,Male,,,,,0,0
,Xiao Xue,Male,,,,,0,0
,Zhiyong Feng,Male,,,,,0,0
On the maintenance support for microservice-based systems through the specification and the detection of microservice antipatterns,Rafik Tighilt,Male,6,1,0,1,0,0
,Manel Abdellatif,Male,,,,,0,1
,Imen Trabelsi,Female,,,,,0,0
,LoÃ¯c Madern,Male,,,,,0,0
,Naouel Moha,Male,,,,,0,1
,Yann-GaÃ«l GuÃ©hÃ©neuc,Male,,,,,0,1
Application of metamorphic testing on UAV path planning software,Lvyuan Wu,Male,4,1,0,1,0,0
,Zhiyu Xi,Male,,,,,0,1
,Zheng Zheng,Male,,,,,0,0
,Xiaoli Li,Female,,,,,0,0
Transforming Numerical Feature Models into Propositional Formulas and the Universal Variability Language,Daniel-Jesus Munoz,Male,4,2,0,1,0,0
,MÃ³nica Pinto,Female,,,,,1,0
,Lidia Fuentes,Female,,,,,1,0
,Don Batory,Male,,,,,0,1
BPEL process defects prediction using multi-objective evolutionary search,Marwa Daaji,Female,4,1,1,0,0,0
,Mohamed Mohsen Gammoudi,Male,,,,,0,1
,Salah Bouktif,Male,,,,,0,1
,Mohamed Wiem Mkaouer,Male,,,,,0,0
Adaptive robustness evaluation for complex system prognostics and health management software platform,He Liu,Male,4,1,0,1,0,0
,Cheng Wei,Male,,,,,0,0
,Bo Sun,Male,,,,,0,0
,Yinxue Zeng,Female,,,,,0,0
"Characteristics, causes, and consequences of technical debt in the automation domain",Fandi Bi,Male,4,2,0,1,0,0
,Birgit Vogel-Heuser,Female,,,,,1,0
,Ziyi Huang,Female,,,,,0,0
,Felix Ocker,Male,,,,,0,0
An Investigation of Confusing Code Patterns in JavaScript,Adriano Torres,Male,10,1,0,1,0,1
,Caio Oliveira,Male,,,,,0,1
,MÃ¡rcio Okimoto,Male,,,,,0,0
,Diego MarcÃ­lio,Male,,,,,0,0
,Pedro Queiroga,Male,,,,,0,0
,Fernando Castor,Male,,,,,0,0
,Rodrigo BonifÃ¡cio,Male,,,,,0,1
,Edna Dias Canedo,Female,,,,,1,0
,MÃ¡rcio Ribeiro,Male,,,,,0,1
,Eduardo Monteiro,Male,,,,,0,1
CausalRCA: Causal inference based precise fine-grained root cause localization for microservice applications,Ruyue Xin a,Female,3,1,1,0,0,0
,Peng Chen b,Male,,,,,0,0
,Zhiming Zhao a,Male,,,,,0,1
Predicting resource consumption of Kubernetes container systems using resource models,Gianluca Turin,Male,6,1,0,1,0,0
,Andrea Borgarelli,Male,,,,,0,0
,Simone Donetti,Male,,,,,0,0
,Ferruccio Damiani,Male,,,,,0,1
,Einar Broch Johnsen,Male,,,,,0,1
,S. Lizeth Tapia Tarifa,Female,,,,,1,0
A comprehensive evaluation of SZZ Variants through a developer-informed oracle,Giovanni Rosa,Male,7,1,0,1,0,0
,Luca Pascarella,Male,,,,,0,0
,Simone Scalabrino,Male,,,,,0,0
,Rosalia Tufano,Female,,,,,0,0
,Gabriele Bavota,Male,,,,,0,1
,Michele Lanza,Male,,,,,0,1
,Rocco Oliveto,Male,,,,,0,1
A decade of code comment quality assessment: A systematic literature review,Pooja Rani,Female,6,4,1,0,0,0
,Arianna Blasi,Female,,,,,0,0
,Nataliia Stulova,Female,,,,,0,0
,Sebastiano Panichella,Male,,,,,0,0
,Alessandra Gorla,Female,,,,,0,0
,Oscar Nierstrasz,Male,,,,,0,1
A first look at bug report templates on GitHub,Hongyan Li,Female,5,2,1,0,0,0
,Meng Yan,Female,,,,,1,0
,Weifeng Sun,Male,,,,,0,0
,Xiao Liu,Male,,,,,0,0
,Yunsong Wu,Male,,,,,0,0
GitHub Copilot AI pair programmer: Asset or Liability?,Arghavan Moradi Dakhel,Female,6,1,1,0,0,0
,Vahid Majdinasab,Male,,,,,0,0
,Amin Nikanjam,Male,,,,,0,0
,Foutse Khomh,Male,,,,,0,1
,Michel C. Desmarais,Male,,,,,0,1
,Zhen Ming (Jack) Jiang,Male,,,,,0,1
Reliability in software engineering qualitative research through Inter-Coder Agreement,Ãngel GonzÃ¡lez-Prieto,Male,4,1,0,1,0,1
,Jorge Perez,Male,,,,,0,1
,Jessica Diaz,Female,,,,,0,0
,Daniel LÃ³pez-FernÃ¡ndez,Male,,,,,0,0
Software runtime monitoring with adaptive sampling rate to collect representative samples of execution traces,Jhonny Mertz,Male,2,1,0,1,0,0
,Ingrid Nunes,Female,,,,,1,0
An empirical study of software architecture resilience evaluation methods,Jiaxin Pan,Male,5,1,0,1,0,0
,Zixuan Liu,Male,,,,,0,0
,Donglin Li,Male,,,,,0,0
,Lulu Wang,Female,,,,,0,0
,Bixin Li,Male,,,,,0,1
A systematic literature review on the impact of formatting elements on code legibility,Delano Oliveira,Male,5,1,0,1,0,0
,Reydne Santos,Male,,,,,0,0
,Fernanda Madeiral,Female,,,,,1,0
,Hidehiko Masuhara,Male,,,,,0,0
,Fernando Castor,Male,,,,,0,1
ProCon: An automated process-centric quality constraints checking framework,Christoph Mayr-Dorn,Male,7,1,0,1,0,0
,Michael Vierhauser,Male,,,,,0,0
,Stefan Bichler,Male,,,,,0,0
,Felix Keplinger,Male,,,,,0,0
,Jane Cleland-Huang,Female,,,,,1,0
,Alexander Egyed,Male,,,,,0,1
,Thomas Mehofer,Male,,,,,0,0
Optimal dynamic partial order reduction with context-sensitive independence and observers,Elvira Albert,Female,5,2,1,0,0,0
,Maria Garcia de la Banda,Female,,,,,0,0
,Miguel GÃ³mez-Zamalloa,Male,,,,,0,0
,Miguel Isabel,Male,,,,,0,0
,Peter Stuckey,Male,,,,,0,0
A taxonomy of assets for the development of software-intensive products and services,Ehsan Zabardast,Male,6,1,0,1,0,0
,Javier Gonzalez-Huerta,Male,,,,,0,0
,Tony Gorschek,Male,,,,,0,1
,Darja Å mite,Female,,,,,0,0
,Emil AlÃ©groth,Male,,,,,0,0
,Fabian Fagerholm,Male,,,,,0,0
Simple stupid insecure practices and GitHubâ€™s code search: A looming threat?,Ken Russel Go,Male,5,3,0,1,0,0
,Sruthi Soundarapandian,Female,,,,,0,0
,Aparupa Mitra,Female,,,,,0,0
,Melina Vidoni,Female,,,,,1,0
,NicolÃ¡s E. DÃ­az Ferreyra,Male,,,,,0,0
CM-CASL: Comparison-based performance modeling of software systems via collaborative active and semisupervised learning,Rong Cao,Male,6,1,0,1,0,0
,Liang Bao,Male,,,,,0,0
,Chase Wu,Male,,,,,0,0
,Panpan Zhangsun,Female,,,,,0,0
,Yufei Li,Male,,,,,0,0
,Zhe Zhang,Male,,,,,0,0
An evidence-based roadmap for IoT software systems engineering,Rebeca C. Motta,Female,3,2,1,0,0,0
,KÃ¡thia M. de Oliveira,Female,,,,,1,0
,Guilherme H. Travassos,Male,,,,,0,1
A symbolic algorithm for the case-split rule in solving word constraints with extensions,Yu-Fang Chen,Female,4,2,1,0,0,0
,VojtÄ›ch Havlena,Male,,,,,0,0
,OndÅ™ej LengÃ¡l,Male,,,,,0,0
,Andrea Turrini,Female,,,,,0,0
Automatic modelling and verification of Autosar architectures,Miaomiao Zhang,Female,7,1,1,0,0,0
,Yu Teng,Male,,,,,0,0
,Hui Kong,Male,,,,,0,0
,John Baugh,Male,,,,,0,0
,Yu Su,Male,,,,,0,0
,Junri Mi,Male,,,,,0,0
,Bowen Du,Male,,,,,0,0
Graph collaborative filtering-based bug triaging,Jie Dai,Male,6,1,0,1,0,0
,Qingshan Li,Male,,,,,0,1
,Hui Xue,Female,,,,,0,0
,Zhao Luo,Male,,,,,0,0
,Yinglin Wang,Male,,,,,0,0
,Siyuan Zhan,Male,,,,,0,0
MSTIL: Multi-cue Shape-aware Transferable Imbalance Learning for effective graphic API recommendation,Rong Qin,Female,4,2,1,0,0,0
,Zeyu Wang,Male,,,,,0,0
,Sheng Huang,Male,,,,,0,1
,Luwen Huangfu,Female,,,,,1,0
On measuring coupling between microservices,Chenxing Zhong,Male,5,1,0,1,0,0
,He Zhang,Male,,,,,0,1
,Chao Li,Male,,,,,0,0
,Huang Huang,Female,,,,,0,0
,Daniel Feitosa,Male,,,,,0,0
Analyzing the impact of API changes on Android apps,Tarek Mahmud,Male,3,1,0,1,0,0
,Meiru Che,Female,,,,,0,0
,Guowei Yang,Male,,,,,0,1
Decentralized decision-making and scaled autonomy at Spotify,Darja Å mite,Female,6,1,1,0,0,0
,Nils Brede Moe,Male,,,,,0,0
,Marcin Floryan,Male,,,,,0,0
,Javier Gonzalez-Huerta,Male,,,,,0,0
,Michael Dorner,Male,,,,,0,0
,Aivars Sablis,Male,,,,,0,0
"A literature review of IoT and CPSâ€”What they are, and what they are not",Veronika Lesch,Female,6,1,1,0,0,0
,Marwin ZÃ¼fle,Male,,,,,0,0
,AndrÃ© Bauer,Male,,,,,0,0
,Lukas IfflÃ¤nder,Male,,,,,0,0
,Christian Krupitzer,Male,,,,,0,0
,Samuel Kounev,Male,,,,,0,0
Distributed state model inference for scriptless GUI testing,Fernando Pastor RicÃ³s,Male,5,2,0,1,0,0
,Arend Slomp,Male,,,,,0,0
,Beatriz MarÃ­n,Female,,,,,0,0
,Pekka Aho,Male,,,,,0,0
,Tanja E.J. Vos,Female,,,,,0,0
Investigating end-usersâ€™ values in agriculture mobile applications development: An empirical study on Bangladeshi female farmers,Rifat Ara Shams,Female,7,2,1,0,0,0
,Mojtaba Shahin,Male,,,,,0,1
,Gillian Oliver,Female,,,,,1,0
,Harsha Perera,Male,,,,,0,0
,Jon Whittle,Male,,,,,0,1
,Arif Nurwidyantoro,Male,,,,,0,0
,Waqar Hussain,Male,,,,,0,0
Can gamification help in software testing education? Findings from an empirical study,Raquel Blanco,Female,6,3,1,0,0,0
,Manuel Trinidad,Male,,,,,0,0
,MarÃ­a JosÃ© SuÃ¡rez-Cabal,Female,,,,,0,0
,Alejandro CalderÃ³n,Male,,,,,0,0
,Mercedes Ruiz,Female,,,,,0,0
,Javier Tuya,Male,,,,,0,0
Towards a cognitive engineering of transactional services in IoT based systems,Widad Ettazi,Female,2,1,1,0,0,0
,Mahmoud Nassar,Male,,,,,0,0
An estimation of distribution algorithm based on interactions between requirements to solve the bi-objective Next Release Problem,JosÃ© del Sagrado,Male,3,1,0,1,0,1
,JosÃ© Antonio Sierra IbaÃ±ez,Male,,,,,0,0
,Isabel M. del Ãguila,Female,,,,,1,0
Trustworthiness models to categorize and prioritize code for security improvement,Nadia Medeiros,Female,4,2,1,0,0,0
,Naghmeh Ivaki,Female,,,,,0,0
,Pedro Costa,Male,,,,,0,0
,Marco Vieira,Male,,,,,0,0
Collaborative Model-Driven Software Engineering â€” A systematic survey of practices and needs in industry,Istvan David,Male,4,2,0,1,0,0
,Kousar Aslam,Female,,,,,0,0
,Ivano Malavolta,Male,,,,,0,1
,Patricia Lago,Female,,,,,1,0
Web API evolution patterns: A usage-driven approach,Rediana KoÃ§i,Female,4,1,1,0,0,0
,Xavier Franch,Male,,,,,0,1
,Petar Jovanovic,Male,,,,,0,1
,Alberto AbellÃ³,Male,,,,,0,1
The pipeline for the continuous development of artificial intelligence modelsâ€”Current state of research and practice,Monika Steidl,Female,3,1,1,0,0,0
,Rudolf Ramler,Male,,,,,0,0
,Michael Felderer,Male,,,,,0,1
Timed pattern-based analysis of collaboration failures in system-of-systems,Sangwon Hyun,Male,4,2,0,1,0,0
,Jiyoung Song,Female,,,,,0,0
,Eunkyoung Jee,Female,,,,,1,0
,Doo-Hwan Bae,Male,,,,,0,1
Does Deep Learning improve the performance of duplicate bug report detection? An empirical study,Yuan Jiang,Male,5,1,0,1,0,0
,Xiaohong Su,Female,,,,,1,0
,Christoph Treude,Male,,,,,0,0
,Chao Shang,Male,,,,,0,0
,Tiantian Wang,Male,,,,,0,0
The uphill journey of FaaS in the open-source community,Nafise Eskandani,Female,2,1,1,0,0,0
,Guido Salvaneschi,Male,,,,,0,1
Colla-Config: A stakeholders preferences-based approach for product lines collaborative configuration,Sihem Ben Sassi,Female,5,4,1,0,0,0
,Sabrine Edded,Female,,,,,0,0
,RaÃºl Mazo,Male,,,,,0,0
,Henda Ben Ghezala,Female,,,,,0,0
,Camille Salinesi,Female,,,,,0,0
A modular metamodel and refactoring rules to achieve software product line interoperability,Jose-Miguel Horcas,Male,3,2,0,1,0,0
,MÃ³nica Pinto,Female,,,,,0,0
,Lidia Fuentes,Female,,,,,1,0
A systematic literature review on blockchain governance,Yue Liu,Female,5,2,1,0,0,0
,Qinghua Lu,Male,,,,,0,1
,Liming Zhu,Male,,,,,0,1
,Hye-Young Paik,Female,,,,,1,0
,Mark Staples,Male,,,,,0,0
Configuring mission-specific behavior in a product line of collaborating Small Unmanned Aerial Systems,Md Nafee Al Islam,Male,9,3,0,1,0,0
,Muhammed Tawfiq Chowdhury,Male,,,,,0,0
,Ankit Agrawal,Male,,,,,0,0
,Michael Murphy,Male,,,,,0,0
,Raj Mehta,Male,,,,,0,0
,Daria Kudriavtseva,Female,,,,,0,0
,Jane Cleland-Huang,Female,,,,,0,0
,Michael Vierhauser,Male,,,,,0,1
,Marsha Chechik,Female,,,,,1,0
Towards automated Android app internationalisation: An exploratory study,Pei Liu,Female,8,2,1,0,0,0
,Qingxin Xia,Male,,,,,0,1
,Kui Liu,Male,,,,,0,0
,Juncai Guo,Male,,,,,0,0
,Xin Wang,Male,,,,,0,0
,Jin Liu,Male,,,,,0,0
,John Grundy,Male,,,,,0,0
,Li Li,Female,,,,,0,0
Automated data validation: An industrial experience report,Lei Zhang,Male,6,2,0,1,0,0
,Sean Howard,Male,,,,,0,0
,Tom Montpool,Male,,,,,0,0
,Jessica Moore,Female,,,,,0,0
,Krittika Mahajan,Female,,,,,0,0
,Andriy Miranskyy,Male,,,,,0,1
The role of knowledge-based resources in Agile Software Development contexts,Raquel Ouriques,Female,4,1,1,0,0,0
,Krzysztof Wnuk,Male,,,,,0,1
,Tony Gorschek,Male,,,,,0,1
,Richard Berntsson Svensson,Male,,,,,0,0
An empirical study of security practices for microservices systems,Ali Rezaei Nasab,Male,6,1,0,1,0,0
,Mojtaba Shahin,Male,,,,,0,1
,Seyed Ali Hoseyni Raviz,Male,,,,,0,0
,Peng Liang,Male,,,,,0,0
,Amir Mashmool,Male,,,,,0,0
,Valentina Lenarduzzi,Female,,,,,0,0
Efficient transformer with code token learner for code clone detection,Aiping Zhang,Female,5,1,1,0,0,0
,Liming Fang,Male,,,,,0,1
,Chunpeng Ge,Male,,,,,0,0
,Piji Li,Male,,,,,0,0
,Zhe Liu,Male,,,,,0,1
Software practitionersâ€™ point of view on technical debt payment,SÃ¡vio Freire,Male,15,3,0,1,0,0
,Nicolli Rios,Female,,,,,0,0
,Boris PÃ©rez,Male,,,,,0,0
,Camilo Castellanos,Male,,,,,0,0
,DarÃ­o Correal,Male,,,,,0,0
,Robert RamaÄ,Male,,,,,0,0
,Vladimir MandiÄ‡,Male,,,,,0,0
,NebojÅ¡a TauÅ¡an,Male,,,,,0,0
,Gustavo LÃ³pez,Male,,,,,0,0
,Alexia Pacheco,Female,,,,,0,0
,Manoel MendonÃ§a,Male,,,,,0,0
,Davide Falessi,Male,,,,,0,0
,Clemente Izurieta,Male,,,,,0,0
,Carolyn Seaman,Female,,,,,0,0
,Rodrigo SpÃ­nola,Male,,,,,0,0
End-usersâ€™ knowledge and perception about security of clinical mobile health apps: A case study with two Saudi Arabian mHealth providers,Bakheet Aljedaani,Male,4,1,0,1,0,0
,Aakash Ahmad,Male,,,,,0,0
,Mansooreh Zahedi,Female,,,,,0,0
,M. Ali Babar,Male,,,,,0,0
Privacy explanations â€“ A means to end-user trust,Wasja Brunotte,Male,4,1,0,1,0,0
,Alexander Specht,Male,,,,,0,0
,Larissa Chazette,Female,,,,,0,0
,Kurt Schneider,Male,,,,,0,1
Automatic creation of acceptance tests by extracting conditionals from requirements: NLP approach and case study,Jannik Fischbach,Male,11,2,0,1,0,0
,Julian Frattini,Male,,,,,0,0
,Andreas Vogelsang,Male,,,,,0,1
,Daniel Mendez,Male,,,,,0,1
,Michael Unterkalmsteiner,Male,,,,,0,1
,Andreas Wehrle,Male,,,,,0,0
,Pablo Restrepo Henao,Male,,,,,0,0
,Parisa Yousefi,Female,,,,,0,0
,Tedi Juricic,Male,,,,,0,0
,Jeannette Radduenz,Female,,,,,0,0
,Carsten Wiecher,Male,,,,,0,0
Explaining quality attribute tradeoffs in automated planning for self-adaptive systems,Rebekka Wohlrab,Female,4,1,1,0,1,0
,Javier CÃ¡mara,Male,,,,,0,0
,David Garlan,Male,,,,,0,0
,Bradley Schmerl,Male,,,,,0,0
The perspective of Brazilian software developers on data privacy,Mariana Peixoto,Female,7,4,1,0,1,0
,Dayse Ferreira,Female,,,,,0,0
,Mateus Cavalcanti,Male,,,,,0,0
,Carla Silva,Female,,,,,1,0
,JÃ©ssyka Vilela,Female,,,,,0,0
,JoÃ£o AraÃºjo,Male,,,,,0,1
,Tony Gorschek,Male,,,,,0,0
Applying Inter-Rater Reliability and Agreement in collaborative Grounded Theory studies in software engineering,Jessica DÃ­az,Female,4,2,1,0,1,0
,Jorge PÃ©rez,Male,,,,,0,1
,Carolina Gallardo,Female,,,,,1,0
,Ãngel GonzÃ¡lez-Prieto,Male,,,,,0,1
Revisiting the practices and pains of microservice architecture in reality: An industrial inquiry,Xin Zhou,Male,13,5,0,1,0,0
,Shanshan Li,Female,,,,,0,0
,Lingli Cao,Female,,,,,0,0
,He Zhang,Male,,,,,0,0
,Zijia Jia,Male,,,,,0,0
,Chenxing Zhong,Male,,,,,0,0
,Zhihao Shan,Male,,,,,0,0
,Muhammad Ali Babar,Male,,,,,0,0
,Arianna Blasi,Female,,,,,0,0
,Nataliia Stulova,Female,,,,,0,0
,Sebastiano Panichella,Male,,,,,0,0
,Alessandra Gorla,Female,,,,,0,0
,Oscar Nierstrasz,Male,,,,,0,1
AMon: A domain-specific language and framework for adaptive monitoring of Cyberâ€“Physical Systems,Michael Vierhauser,Male,4,2,0,1,0,0
,Rebekka Wohlrab,Female,,,,,0,0
,Marco Stadler,Male,,,,,0,0
,Jane Cleland-Huang,Female,,,,,0,0
From forced Working-From-Home to voluntary working-from-anywhere: Two revolutions in telework,Darja Å mite,Female,4,1,1,0,0,0
,Nils Brede Moe,Male,,,,,0,0
,Eriks Klotins,Male,,,,,0,0
,Javier Gonzalez-Huerta,Male,,,,,0,0
How are websites used during development and what are the implications for the coding process?,Omar Alghamdi,Male,4,3,0,1,0,0
,Sarah Clinch,Female,,,,,1,0
,Rigina Skeva,Female,,,,,0,0
,Caroline Jay,Female,,,,,1,0
Explaining software fault predictions to spreadsheet users,Adil Mukhtar,Male,4,1,0,1,0,0
,Birgit Hofer,Female,,,,,0,0
,Dietmar Jannach,Male,,,,,0,1
,Franz Wotawa,Male,,,,,0,1
A systematic review on security and safety of self-adaptive systems,Irdin Pekaric,Male,7,1,0,1,0,0
,Raffaela Groner,Female,,,,,0,0
,Thomas Witte,Male,,,,,0,0
,Jubril Gbolahan Adigun,Male,,,,,0,0
,Alexander Raschke,Male,,,,,0,0
,Michael Felderer,Male,,,,,0,1
,Matthias Tichy,Male,,,,,0,1
A-B Testing: A Systematic Literature Review,Federico Quin,Male,4,1,0,1,0,0
,Danny Weyns,Male,,,,,0,1
,Matthias Galster,Male,,,,,0,1
,Camila Costa Silva,Female,,,,,0,0
ACCESS: Assurance Case Centric Engineering of Safetyâ€“critical Systems,Ran Wei,Male,10,1,0,1,0,0
,Simon Foster,Male,,,,,0,1
,Haitao Mei,Male,,,,,0,1
,Fang Yan,Female,,,,,0,0
,Ruizhe Yang,Male,,,,,0,0
,Ibrahim Habli,Male,,,,,0,1
,Colin Oâ€™Halloran,Male,,,,,0,0
,Nick Tudor,Male,,,,,0,0
,Tim Kelly,Male,,,,,0,1
,Yakoub Nemouchi,Male,,,,,0,1
A conceptual and architectural characterization of antifragile systems,Vincenzo Grassi,Male,3,1,0,1,0,0
,Raffaela Mirandola,Female,,,,,0,0
,Diego Perez-Palacin,Male,,,,,0,0
Actionable light-weight process guidance,Christoph Mayr-Dorn,Male,6,2,0,1,0,0
,Cosmina-Cristina Ratiu,Female,,,,,0,0
,Luciano Marchezan de Paula,Male,,,,,0,0
,Felix Keplinger,Male,,,,,0,0
,Alexander Egyed,Male,,,,,0,1
,Gala Walden,Female,,,,,0,0
A data-driven active learning approach to reusing ML solutions in scientific applications,Hamideh Hajiabadi,Female,4,2,1,0,0,0
,Christopher Gerking,Male,,,,,0,0
,Lennart Hilbert,Male,,,,,0,1
,Anne Koziolek,Female,,,,,1,0
Addressing combinatorial experiments and scarcity of subjects by provably orthogonal and crossover experimental designs,Fabio Massacci,Male,3,2,0,1,0,1
,Aurora Papotti,Female,,,,,0,0
,Ranindya Paramitha,Female,,,,,0,0
A framework for the design of fault-tolerant systems-of-systems,Francisco Henrique Cerdeira Ferreira,Male,6,4,0,1,0,0
,Elisa Yumi Nakagawa,Female,,,,,1,0
,Antonia Bertolino,Female,,,,,0,0
,Francesca Lonetti,Female,,,,,0,0
,VÃ¢nia de Oliveira Neves,Female,,,,,0,0
,Rodrigo Pereira dos Santos,Male,,,,,0,1
A fuzzy logic-based quality model for identifying microservices with low maintainability,Rahime YÄ±lmaz,Female,2,1,1,0,0,0
,Feza Buzluca,Male,,,,,0,1
A language-parametric test coverage framework for executable domain-specific languages,Faezeh Khorram,Female,6,1,1,0,0,0
,Erwan Bousse,Male,,,,,0,1
,Antonio Garmendia,Male,,,,,0,1
,Jean-Marie Mottu,Male,,,,,0,1
,Gerson SunyÃ©,Male,,,,,0,1
,Manuel Wimmer,Male,,,,,0,1
"A Multi-vocal Literature Review on challenges and critical success factors of phishing education, training and awareness",Orvila Sarker,Male,5,2,0,1,0,0
,Asangi Jayatilaka,Female,,,,,0,0
,Sherif Haggag,Male,,,,,0,0
,Chelsea Liu,Female,,,,,0,0
,M. Ali Babar,Male,,,,,0,1
An architecture for model-based and intelligent automation in DevOps,Romina Eramo,Female,5,1,1,0,1,0
,Bilal Said,Male,,,,,0,0
,Marc Oriol,Male,,,,,0,0
,Hugo Bruneliere,Male,,,,,0,0
,Sergio Morales,Male,,,,,0,0
An empirical assessment of different word embedding and deep learning models for bug assignment,Rongcun Wang,Male,6,2,0,1,0,1
,Xingyu Ji,Male,,,,,0,0
,Senlei Xu,Male,,,,,0,0
,Yuan Tian,Male,,,,,0,0
,Shujuan Jiang,Female,,,,,1,0
,Rubing Huang,Female,,,,,0,0
An Empirical Investigation Into the Influence of Software Communitiesâ€™ Cultural and Geographical Dispersion on Productivity,Stefano Lambiase,Male,7,2,0,1,0,0
,Gemma Catolino,Female,,,,,0,0
,Fabiano Pecorelli,Male,,,,,0,0
,Damian A. Tamburri,Male,,,,,0,0
,Fabio Palomba,Male,,,,,0,0
,Willem-Jan van den Heuvel,Male,,,,,0,0
,Filomena Ferrucci,Female,,,,,1,0
An empirical investigation on the competences and roles of practitioners in Microservices-based Architectures,Hamdy Michael Ayas,Male,3,1,0,1,0,0
,Regina Hebig,Female,,,,,1,0
,Philipp Leitner,Male,,,,,0,1
An empirical study on bug severity estimation using source code metrics and static analysis,Ehsan Mashhadi,Male,5,1,0,1,0,0
,Shaiful Chowdhury,Male,,,,,0,0
,Somayeh Modaberi,Female,,,,,0,0
,Hadi Hemmati,Male,,,,,0,1
,Gias Uddin,Male,,,,,0,0
Ant-colony optimization for automating test model generation in model transformation testing,Meysam Karimi,Male,5,1,0,1,0,0
,Shekoufeh Kolahdouz-Rahimi,Female,,,,,0,0
,Javier Troya,Male,,,,,0,0
,Feza Buzluca,Male,,,,,0,1
,Damian Tamburri,Male,,,,,0,0
Applying short text topic models to instant messaging communication of software developers,Camila Costa Silva,Female,3,1,1,0,0,0
,Matthias Galster,Male,,,,,0,1
,Fabian Gilson,Male,,,,,0,1
Architectural support for software performance in continuous software engineering: A systematic mapping study,Romina Eramo,Female,6,2,1,0,1,0
,Michele Tucci,Male,,,,,0,0
,Daniele Di Pompeo,Male,,,,,0,0
,Vittorio Cortellessa,Male,,,,,0,0
,Antinisca Di Marco,Female,,,,,0,0
,Davide Taibi,Male,,,,,0,1
Assessing gender bias in the software used in computer science and software engineering education,Lyndsey Oâ€™Brien,Female,3,2,1,0,0,0
,Tanjila Kanij,Female,,,,,1,0
,John Grundy,Male,,,,,0,1
A study on classifying Stack Overflow questions based on difficulty by utilizing contextual features,Maliha Noushin Raida,Female,6,4,1,0,0,0
,Zannatun Naim Sristy,Female,,,,,0,0
,Nawshin Ulfat,Female,,,,,0,0
,Sheikh Moonwara Anjum Monisha,Female,,,,,0,0
,Md. Jubair Ibna Mostafa,Male,,,,,0,1
,Md. Nazmul Haque,Male,,,,,0,1
A survey on machine learning techniques applied to source code,Tushar Sharma,Male,7,3,0,1,0,0
,Maria Kechagia,Female,,,,,0,0
,Stefanos Georgiou,Male,,,,,0,0
,Rohit Tiwari,Male,,,,,0,0
,Indira Vats,Female,,,,,0,0
,Hadi Moazen,Male,,,,,0,0
,Federica Sarro,Female,,,,,0,0
Automated program repair for variability bugs in software product line systems,Thu-Trang Nguyen,Female,5,1,1,0,0,0
,Xiao-Yi Zhang,Male,,,,,0,0
,Paolo Arcaini,Male,,,,,0,0
,Fuyuki Ishikawa,Male,,,,,0,0
,Hieu Dinh Vo,Male,,,,,0,1
Automatic testing of runtime enforcers with Test4Enforcers,Oliviero Riganelli,Male,3,1,0,1,0,0
,Daniela Micucci,Female,,,,,0,0
,Leonardo Mariani,Male,,,,,0,0
Automating the correctness assessment of AI-generated code for security contexts,Domenico Cotroneo,Male,5,1,0,1,0,1
,Alessio Foggia,Male,,,,,0,0
,Cristina Improta,Female,,,,,0,0
,Pietro Liguori,Male,,,,,0,1
,Roberto Natella,Male,,,,,0,1
A vulnerability severity prediction method based on bimodal data and multi-task learning,Xiaozhi Du,Male,4,1,0,1,0,0
,Shiming Zhang,Male,,,,,0,0
,Yanrong Zhou,Female,,,,,0,0
,Hongyuan Du,Male,,,,,0,0
Barriers to device longevity and reuse: A vintage device empirical study,Craig Goodwin,Male,2,1,0,1,0,0
,Sandra Woolley,Female,,,,,1,0
Beyond code: Is there a difference between comments in visual and textual languages?,Alexander Boll,Male,4,1,0,1,0,0
,Pooja Rani,Female,,,,,1,0
,Alexander SchultheiÃŸ,Male,,,,,0,0
,Timo Kehrer,Male,,,,,0,1
Bug priority change: An empirical study on Apache projects,Zengyang Li,Male,6,3,0,1,0,0
,Guangzong Cai,Male,,,,,0,0
,Qinyi Yu,Female,,,,,0,0
,Peng Liang,Male,,,,,0,1
,Ran Mo,Female,,,,,0,0
,Hui Liu,Female,,,,,0,0
Code-centric learning-based just-in-time vulnerability detection,Son Nguyen,Male,6,1,0,1,0,0
,Thu-Trang Nguyen,Female,,,,,0,0
,Thanh Trong Vu,Male,,,,,0,0
,Thanh-Dat Do,Male,,,,,0,0
,Kien-Tuan Ngo,Male,,,,,0,0
,Hieu Dinh Vo,Male,,,,,0,1
ConflictBench: A benchmark to evaluate software merge tools,Bowen Shen,Male,2,1,0,1,0,0
,Na Meng,Female,,,,,1,0
Context-aware code generation with synchronous bidirectional decoder,Xiangyu Zhang,Male,5,1,0,1,0,0
,Yu Zhou,Male,,,,,0,1
,Guang Yang,Male,,,,,0,0
,Tingting Han,Female,,,,,0,0
,Taolue Chen,Male,,,,,0,0
Conversation in forums: How software forum posts discuss potential development insights,Hechen Wang,Male,5,1,0,1,0,1
,Peter Devine,Male,,,,,0,0
,James Tizard,Male,,,,,0,0
,Seyed Reza Shahamiri,Male,,,,,0,0
,Kelly Blincoe,Female,,,,,0,0
"Data pipeline quality: Influencing factors, root causes of data-related issues, and processing problem areas for developers",Harald Foidl,Male,4,1,0,1,0,0
,Valentina Golendukhina,Female,,,,,0,0
,Rudolf Ramler,Male,,,,,0,0
,Michael Felderer,Male,,,,,0,1
DeepCover: Advancing RNN test coverage and online error prediction using state machine extraction,Pouria Golshanrad,Male,2,1,0,1,0,0
,Fathiyeh Faghih,Female,,,,,0,0
Delivering computing module for the large part-time software development class from pre- to post-pandemic: An online learning experience,Olga Pishchukhina,Female,3,2,1,0,0,0
,Daria Gordieieva,Female,,,,,0,0
,Austen Rainer,Male,,,,,0,0
Detecting security vulnerabilities with vulnerability nets,Pingyan Wang,Male,4,1,0,1,0,0
,Shaoying Liu,Male,,,,,0,1
,Ai Liu,Female,,,,,0,0
,Wen Jiang,Male,,,,,0,0
Detecting semantic conflicts with unit tests,LÃ©uson Da Silva,Male,8,1,0,1,0,0
,Paulo Borba,Male,,,,,0,1
,Toni Maciel,Male,,,,,0,0
,Wardah Mahmood,Female,,,,,0,0
,Thorsten Berger,Male,,,,,0,1
,JoÃ£o Moisakis,Male,,,,,0,0
,Aldiberg Gomes,Male,,,,,0,0
,VinÃ­cius Leite,Male,,,,,0,0
Do code reviews lead to fewer code smells?,Erdem Tuna,Male,3,1,0,1,0,0
,Carolyn Seaman,Female,,,,,1,0
,Eray TÃ¼zÃ¼n,Male,,,,,0,1
Eclipse Open SmartCLIDE: An end-to-end framework for facilitating service reuse in cloud development,Nikolaos Nikolaidis,Male,8,2,0,1,0,0
,Elvira-Maria Arvanitou,Female,,,,,0,0
,Christina Volioti,Female,,,,,0,0
,Theodore Maikantis,Male,,,,,0,0
,Apostolos Ampatzoglou,Male,,,,,0,1
,Daniel Feitosa,Male,,,,,0,1
,Alexander Chatzigeorgiou,Male,,,,,0,1
,Phillipe Krief,Male,,,,,0,1
Edge to Cloud Tools: A Multivocal Literature Review,Sergio Moreschini,Male,6,1,0,1,0,0
,Elham Younesian,Female,,,,,0,0
,David HÃ¤stbacka,Male,,,,,0,1
,Michele Albano,Male,,,,,0,1
,JiÅ™Ã­ HoÅ¡ek,Male,,,,,0,1
,Davide Taibi,Male,,,,,0,1
Emerging technologies in higher education assessment and feedback practices: A systematic literature review,Ruchi Sembey,Female,3,2,1,0,0,0
,Rashina Hoda,Female,,,,,1,0
,John Grundy,Male,,,,,0,1
End-to-end log statement generation at block-level,Ying Fu,Female,6,3,1,0,0,0
,Meng Yan,Male,,,,,0,1
,Pinjia He,Male,,,,,0,0
,Chao Liu,Male,,,,,0,0
,Xiaohong Zhang,Female,,,,,1,0
,Dan Yang,Female,,,,,1,0
Enhancing understanding and addressing gender bias in IT/SE job advertisements,Tanjila Kanij,Female,3,2,1,0,0,0
,John Grundy,Male,,,,,0,1
,Jennifer McIntosh,Female,,,,,1,0
ETune: Efficient configuration tuning for big-data software systems via configuration space reduction,Rong Cao,Male,4,1,0,1,0,0
,Liang Bao,Male,,,,,0,1
,Kaibi Zhao,Male,,,,,0,0
,Panpan Zhangsun,Female,,,,,0,0
Examining the effect of software professionalsâ€™ personality & additional capabilities on agile teamsâ€™ climate,Sai Datta Vishnubhotla,Male,2,1,0,1,0,0
,Emilia Mendes,Female,,,,,1,0
Experimental evaluation of architectural software performance design patterns in microservices,Willem Meijer,Male,3,2,0,1,0,0
,Catia Trubiani,Female,,,,,0,0
,Aldeida Aleti,Female,,,,,0,0
Exploring the relation between personality traits and agile team climate: Aggregating results from a twice replicated study in a telecom company,Sai Datta Vishnubhotla,Male,2,1,0,1,0,0
,Emilia Mendes,Female,,,,,1,0
Exploring the trade-off between computational power and energy efficiency,Elena Desdentado,Female,5,3,1,0,0,0
,Coral Calero,Female,,,,,1,0
,Ma Ãngeles Moraga,Female,,,,,1,0
,Manuel Serrano,Male,,,,,0,1
,FÃ©lix GarcÃ­a,Male,,,,,0,1
Feature causality,Clemens Dubslaff,Male,4,1,0,1,0,1
,Kallistos Weis,Male,,,,,0,0
,Christel Baier,Female,,,,,0,0
,Sven Apel,Male,,,,,0,1
Feature-oriented test case selection and prioritization during the evolution of highly-configurable systems,Willian D.F. MendonÃ§a,Male,3,1,0,1,0,0
,Wesley K.G. AssunÃ§Ã£o,Male,,,,,0,1
,Silvia R. Vergilio,Female,,,,,1,0
Few-shot code translation via task-adapted prompt learning,Xuan Li,Male,5,1,0,1,0,0
,Shuai Yuan,Male,,,,,0,0
,Xiaodong Gu,Male,,,,,0,0
,Yuting Chen,Female,,,,,0,0
,Beijun Shen,Male,,,,,0,1
Flexible control flow graph alignment for delivering data-driven feedback to novice programming learners,Md Towhidul Absar Chowdhury,Male,3,1,0,1,0,0
,Maheen Riaz Contractor,Female,,,,,0,0
,Carlos R. Rivero,Male,,,,,0,1
FragQC: An efficient quantum error reduction technique using quantum circuit fragmentation,Saikat Basu,Male,5,1,0,1,0,0
,Arnav Das,Male,,,,,0,0
,Amit Saha,Male,,,,,0,0
,Amlan Chakrabarti,Male,,,,,0,1
,Susmita Sur-Kolay,Female,,,,,1,0
GBSR: Graph-based suspiciousness refinement for improving fault localization,Zheng Li,Male,6,1,0,1,0,1
,Mingyu Li,Male,,,,,0,0
,Shumei Wu,Female,,,,,1,0
,Shunqing Xu,Male,,,,,0,0
,Xiang Chen,Male,,,,,0,1
,Yong Liu,Male,,,,,0,1
GDPR compliance via software evolution: Weaving security controls in software design,Vanessa Ayala-Rivera,Female,3,2,1,0,0,0
,A. Omar Portillo-Dominguez,Male,,,,,0,0
,Liliana Pasquale,Female,,,,,1,0
GPTSniffer: A CodeBERT-based classifier to detect source code written by ChatGPT,Phuong T. Nguyen,Female,6,1,1,0,0,0
,Juri Di Rocco,Male,,,,,0,0
,Claudio Di Sipio,Male,,,,,0,0
,Riccardo Rubei,Male,,,,,0,0
,Davide Di Ruscio,Male,,,,,0,1
,Massimiliano Di Penta,Male,,,,,0,1
"GraalSP: Polyglot, efficient, and robust machine learning-based static profiler",Milan ÄŒuguroviÄ‡,Male,4,1,0,1,0,0
,Milena VujoÅ¡eviÄ‡ JaniÄiÄ‡,Female,,,,,1,0
,Vojin JovanoviÄ‡,Male,,,,,0,1
,Thomas WÃ¼rthinger,Male,,,,,0,1
Harmonizing DevOps taxonomies â€” A grounded theory study,Jessica DÃ­az,Female,7,2,1,0,1,0
,Jorge PÃ©rez,Male,,,,,0,1
,Isaque Alves,Male,,,,,0,0
,Fabio Kon,Male,,,,,0,0
,Leonardo Leite,Male,,,,,0,0
,Paulo Meirelles,Male,,,,,0,0
,Carla Rocha,Female,,,,,1,0
Hierarchical features extraction and data reorganization for code search,Fan Zhang,Male,4,2,0,1,0,0
,Manman Peng,Female,,,,,1,0
,Yuanyuan Shen,Female,,,,,0,0
,Qiang Wu,Male,,,,,0,1
Hybrid quantum architecture for smart city security,Vita Santa Barletta,Female,5,1,1,0,0,0
,Danilo Caivano,Male,,,,,0,1
,Mirko De Vincentiis,Male,,,,,0,0
,Anibrata Pal,Male,,,,,0,0
,Michele Scalera,Male,,,,,0,0
Impermanent identifiers: Enhanced source code comprehension and refactoring,Eduardo Martins Guerra,Male,6,1,0,1,0,1
,AndrÃ© A.S. Ivo,Male,,,,,0,1
,Fernando O. Pereira,Male,,,,,0,0
,Romain Robbes,Male,,,,,0,1
,Andrea Janes,Female,,,,,1,0
,FÃ¡bio Fagundes Silveira,Male,,,,,0,1
Incivility detection in open source code review and issue discussions,Isabella Ferreira,Female,3,2,1,0,0,0
,Ahlaam Rafiq,Female,,,,,0,0
,Jinghui Cheng,Male,,,,,0,1
Incremental-concurrent fusion checking for efficient context consistency,Lingyu Zhang,Male,5,1,0,1,0,0
,Huiyan Wang,Female,,,,,0,0
,Chuyang Chen,Male,,,,,0,0
,Chang Xu,Male,,,,,0,1
,Ping Yu,Male,,,,,0,0
Investigating effectiveness and compliance to DevOps policies and practices for managing productivity and quality variability,Dan Port,Male,3,1,0,1,0,0
,Bill Taber,Male,,,,,0,1
,Parisa Emkani,Female,,,,,0,0
Investigating the robustness of locators in template-based Web application testing using a GUI change classification model,Marco De Luca,Male,3,1,0,1,0,0
,Anna Rita Fasolino,Female,,,,,0,0
,Porfirio Tramontana,Male,,,,,0,0
Iterative framework based on multi-task learning for service recommendation,Ting Yu,Female,5,2,1,0,0,0
,Dongjin Yu,Male,,,,,0,1
,Dongjing Wang,Female,,,,,1,0
,Quanxin Yang,Male,,,,,0,0
,Xueyou Hu,Male,,,,,0,0
JITGNN: A deep graph neural network framework for Just-In-Time bug prediction,Hossein Keshavarz,Male,2,1,0,1,0,0
,Gema RodrÃ­guez-PÃ©rez,Female,,,,,1,0
Local features: Enhancing variability modeling in software product lines,David de Castro,Male,5,1,0,1,0,0
,Alejandro CortiÃ±as,Male,,,,,0,0
,Miguel R. Luaces,Male,,,,,0,1
,Oscar Pedreira,Male,,,,,0,1
,Ãngeles Saavedra Places,Female,,,,,0,0
Log statements generation via deep learning: Widening the support provided to developers,Antonio Mastropaolo,Male,4,1,0,1,0,1
,Valentina Ferrari,Female,,,,,0,0
,Luca Pascarella,Male,,,,,0,0
,Gabriele Bavota,Male,,,,,0,1
L OP-ART: A linear-time adaptive random testing algorithm for object-oriented programs,Jinfu Chen,Male,6,3,0,1,0,1
,Jingyi Chen,Female,,,,,0,0
,Lili Zhu,Female,,,,,0,0
,Chengying Mao,Male,,,,,0,1
,Qihao Bao,Male,,,,,0,0
,Rubing Huang,Female,,,,,0,0
Monitoring tools for DevOps and microservices: A systematic grey literature review,L. Giamattei,Female,17,2,1,0,0,0
,A. Guerriero,Male,,,,,0,0
,R. Pietrantuono,Male,,,,,0,1
,S. Russo,Male,,,,,0,1
,I. Malavolta,Male,,,,,0,1
,T. Islam,Male,,,,,0,0
,M. DÃ®nga,Male,,,,,0,0
,A. Koziolek,Male,,,,,0,1
,S. Singh,Male,,,,,0,0
,M. Armbruster,Male,,,,,0,0
,J.M. Gutierrez-Martinez,Male,,,,,0,0
,S. Caro-Alvaro,Male,,,,,0,0
,D. Rodriguez,Male,,,,,0,0
,S. Weber,Male,,,,,0,0
,J. Henss,Male,,,,,0,1
,E. Fernandez Vogelin,Female,,,,,0,0
,F. Simon Panojo,Male,,,,,0,0
Multi-granularity coverage criteria for deep reinforcement learning systems,Ying Shi,Female,3,2,1,0,1,0
,Beibei Yin,Female,,,,,0,0
,Zheng Zheng,Male,,,,,0,1
On the effectiveness of developer features in code smell prioritization: A replication study,Zijie Huang,Male,6,1,0,1,0,0
,Huiqun Yu,Female,,,,,0,0
,Guisheng Fan,Male,,,,,0,0
,Zhiqing Shao,Male,,,,,0,0
,Ziyi Zhou,Male,,,,,0,0
,Mingchen Li,Male,,,,,0,0
"Programming under the influence: On the effect of Heat, Noise, and Alcohol on novice programmers",Claus Brabrand,Male,3,1,0,1,0,0
,Nanna Inie,Female,,,,,0,0
,Paolo Tell,Male,,,,,0,0
Property probes: Live exploration of program analysis results,Anton Risberg AlakuÌˆla,Male,4,1,0,1,0,0
,GÃ¶rel Hedin,Female,,,,,1,0
,Niklas Fors,Male,,,,,0,1
,Adrian Pop,Male,,,,,0,1
Query-oriented two-stage attention-based model for code search,Huanhuan Yang,Female,4,2,1,0,0,0
,Ling Xu,Female,,,,,0,0
,Chao Liu,Male,,,,,0,0
,Luwen Huangfu,Male,,,,,0,1
ReenRepair: Automatic and semantic equivalent repair of reentrancy in smart contracts,Ruiyao Huang,Male,7,1,0,1,0,0
,Qingni Shen,Female,,,,,0,0
,Yuchen Wang,Male,,,,,0,0
,Yiqi Wu,Male,,,,,0,0
,Zhonghai Wu,Male,,,,,0,0
,Xiapu Luo,Male,,,,,0,0
,Anbang Ruan,Male,,,,,0,0
"Reproducibility of issues reported in stack overflow questions: Challenges, impact & estimation",Saikat Mondal,Male,2,1,0,1,0,0
,Banani Roy,Female,,,,,0,0
Research artifacts for human-oriented experiments in software engineering: An ACM badges-driven structure proposal,Cathy Guevara-Vega,Female,6,3,1,0,1,0
,Beatriz BernÃ¡rdez,Female,,,,,1,0
,Margarita Cruz,Female,,,,,0,0
,Amador DurÃ¡n,Male,,,,,0,0
,Antonio Ruiz-CortÃ©s,Male,,,,,0,1
,Martin Solari,Male,,,,,0,0
RRGcode: Deep hierarchical search-based code generation,Qianwen Gou,Female,4,2,1,0,0,0
,Yunwei Dong,Male,,,,,0,0
,Yujiao Wu,Female,,,,,0,0
,Qiao Ke,Male,,,,,0,1
Runtime verification on abstract finite state models,K.P. Jevitha,Female,3,1,1,0,0,0
,Bharat Jayaraman,Male,,,,,0,1
,M. Sethumadhavan,Male,,,,,0,1
Semantic interoperability for an AI-based applications platform for smart hospitals using HL7 FHIR,Emmanouil S. Rigas,Male,9,2,0,1,0,1
,Paris Lagakis,Male,,,,,0,0
,Makis Karadimas,Male,,,,,0,0
,Evangelos Logaras,Male,,,,,0,0
,Dimitra Latsou,Female,,,,,0,0
,Magda Hatzikou,Female,,,,,0,0
,Athanasios Poulakidas,Male,,,,,0,1
,Antonis Billis,Male,,,,,0,1
,Panagiotis D. Bamidis,Male,,,,,0,1
ServiceAnomaly: An anomaly detection approach in microservices using distributed traces and profiling metrics,Mahsa Panahandeh,Female,4,1,1,0,0,0
,Abdelwahab Hamou-Lhadj,Male,,,,,0,1
,Mohammad Hamdaqa,Male,,,,,0,0
,James Miller,Male,,,,,0,1
Set evolution based test data generation for killing stubborn mutants,Changqing Wei,Male,5,2,0,1,0,0
,Xiangjuan Yao,Female,,,,,1,0
,Dunwei Gong,Male,,,,,0,1
,Huai Liu,Male,,,,,0,1
,Xiangying Dang,Female,,,,,1,0
Supporting meta-model-based language evolution and rapid prototyping with automated grammar transformation,Weixing Zhang,Male,5,1,0,1,0,0
,JÃ¶rg Holtmann,Male,,,,,0,0
,Daniel StruÌˆber,Male,,,,,0,1
,Regina Hebig,Female,,,,,1,0
,Jan-Philipp SteghÃ¶fer,Male,,,,,0,1
"SynthoMinds: Bridging human programming intuition with retrieval, analogy, and reasoning in program synthesis",Qianwen Gou,Female,3,1,1,0,0,0
,Yunwei Dong,Male,,,,,0,0
,Qiao Ke,Male,,,,,0,0
"Technical debt in AI-enabled systems: On the prevalence, severity, impact, and management strategies for code and architecture",Gilberto Recupito,Male,7,2,0,1,0,0
,Fabiano Pecorelli,Male,,,,,0,0
,Gemma Catolino,Female,,,,,1,0
,Valentina Lenarduzzi,Female,,,,,1,0
,Davide Taibi,Male,,,,,0,1
,Dario Di Nucci,Male,,,,,0,1
,Fabio Palomba,Male,,,,,0,1
Test case information extraction from requirements specifications using NLP-based unified boilerplate approach,Jin Wei Lim,Male,7,4,0,1,0,0
,Thiam Kian Chiew,Male,,,,,0,1
,Moon Ting Su,Female,,,,,0,0
,Simying Ong,Female,,,,,0,0
,Hema Subramaniam,Female,,,,,0,0
,Mumtaz Begum Mustafa,Female,,,,,0,0
,Yin Kia Chiam,Male,,,,,0,0
Test data generation for covering mutation-based path using MGA for MPI program,Xiangying Dang,Female,6,2,1,0,0,0
,Jinyong Wang,Male,,,,,0,0
,Dunwei Gong,Male,,,,,0,1
,Xiangjuan Yao,Female,,,,,1,0
,Changqing Wei,Male,,,,,0,1
,Biao Xu,Male,,,,,0,1
The effects of required security on software development effort,Elaine Venson,Female,3,1,1,0,0,0
,Bradford Clark,Male,,,,,0,0
,Barry Boehm,Male,,,,,0,1
The impact of hard and easy negative training data on vulnerability prediction performance,Fahad Al Debeyan,Male,4,1,0,1,0,0
,Lech Madeyski,Male,,,,,0,0
,Tracy Hall,Female,,,,,1,0
,David Bowes,Male,,,,,0,1
The never-ending storyâ€“How companies transition to and sustain continuous software engineering practices,Jacob NÃ¸rbjerg,Male,2,1,0,1,0,0
,Yvonne Dittrich,Female,,,,,0,0
The slow and the furious? Performance antipattern detection in Cyberâ€“Physical Systems,Imara van Dinten,Female,4,1,1,0,0,0
,Pouria Derakhshanfar,Male,,,,,0,0
,Annibale Panichella,Male,,,,,0,1
,Andy Zaidman,Male,,,,,0,1
Thriving in the era of hybrid work: Raising cybersecurity awareness using serious games in industry trainings,Tiange Zhao,Female,4,3,1,0,0,0
,Tiago Gasiba,Male,,,,,0,0
,Ulrike Lechner,Female,,,,,1,0
,Maria Pinto-Albuquerque,Female,,,,,1,0
Towards a common data-driven culture: A longitudinal study of the tensions and emerging solutions involved in becoming data-driven in a large public sector organization,Astri Moksnes Barbala,Female,3,1,1,0,0,0
,Geir Kjetil Hanssen,Male,,,,,0,0
,Tor Sporsem,Male,,,,,0,0
Uncovering gender gap in academia: A comprehensive analysis within the software engineering community,Andrea Dâ€™Angelo,Male,5,2,0,1,0,0
,Giordano dâ€™Aloisio,Male,,,,,0,0
,Francesca Marzi,Female,,,,,0,0
,Antinisca Di Marco,Female,,,,,1,0
,Giovanni Stilo,Male,,,,,0,1
Understanding participation and corporatization in service of diversity in free/libre and open source software development projects,Olivia B. Newton,Female,2,1,1,0,0,0
,Stephen M. Fiore,Male,,,,,0,1
Understanding Virtual Onboarding Dynamics and Developer Turnover Intention in the Era of Pandemic,Gorkem Akdur,Male,3,1,0,1,0,0
,Mehmet N. Aydin,Male,,,,,0,1
,Gizdem Akdur,Female,,,,,0,0
Unlocking inclusive education: A quality assessment of software design in applications for children with autism,Yussy Chinchay,Female,3,1,1,0,0,0
,Javier Gomez,Male,,,,,0,1
,GermÃ¡n Montoro,Male,,,,,0,1
Variability debt in opportunistic reuse: A multi-project field study,Daniele Wolfart,Female,5,2,1,0,0,0
,Jabier Martinez,Male,,,,,0,0
,Wesley K.G. AssunÃ§Ã£o,Male,,,,,0,0
,Thelma E. Colanzi,Female,,,,,0,0
,Alexander Egyed,Male,,,,,0,0
Variability management and software product line knowledge in software companies,Antonio M. GutiÃ©rrez-FernÃ¡ndez,Male,5,2,0,1,0,0
,Ana Eva ChacÃ³n-Luna,Female,,,,,0,0
,David Benavides,Male,,,,,0,0
,Lidia Fuentes,Female,,,,,0,0
,Rick Rabiser,Male,,,,,0,1
"Variability modeling of products, processes, and resources in cyberâ€“physical production systems engineering",Kristof Meixner,Male,7,1,0,1,0,0
,Kevin Feichtinger,Male,,,,,0,0
,Hafiyyan Sayyid Fadhlillah,Male,,,,,0,0
,Sandra Greiner,Female,,,,,0,0
,Hannes Marcher,Male,,,,,0,0
,Rick Rabiser,Male,,,,,0,0
,Stefan Biffl,Male,,,,,0,0
Visualization of object-oriented software in a city metaphor: Comprehending the implemented variability and its technical debt,Johann Mortara,Male,3,1,0,1,0,0
,Philippe Collet,Male,,,,,0,0
,Anne-Marie Dery-Pinna,Female,,,,,0,0
Vulnerability detection techniques for smart contracts: A systematic literature review,Fernando Richter Vidal,Male,3,1,0,1,0,0
,Naghmeh Ivaki,Female,,,,,1,0
,Nuno Laranjeiro,Male,,,,,0,1
What is discussed about Flutter on Stack Overflow (SO) question-and-answer (Q&A) website: An empirical study,Afit Alanazi,Male,2,1,0,1,0,0
,Reem Alfayez,Female,,,,,1,0
White-box validation of quantitative product lines by statistical model checking and process mining,Roberto Casaluce,Male,5,1,0,1,0,0
,Andrea Burattin,Male,,,,,0,1
,Francesca Chiaromonte,Female,,,,,1,0
,Alberto Lluch Lafuente,Male,,,,,0,0
,Andrea Vandin,Male,,,,,0,1