Paper Title,Author Name,Gender,Affiliation,Industrial/Institutional,Country,FemaleLedLocalCollaboration,FemaleLedNationalCollaboration,FemaleLedInternationalCollaboration
Requirements for adopting software process lines,Halimeh Agh,Female,"Department of Computer Engineering, Sharif University of Technology, Tehran, Iran",TRUE,Iran,0,0,1
,FÃ©lix Garcia,Male,"Alarcos Research Group, Information Technologies and Systems Institute, University of Castilla-La Mancha, Ciudad Real, Spain",,Spain,,,
,Mario Piattini,Male,"Alarcos Research Group, Information Technologies and Systems Institute, University of Castilla-La Mancha, Ciudad Real, Spain",,Spain,,,
,Raman Ramsin,Male,"Department of Computer Engineering, Sharif University of Technology, Tehran, Iran",,Iran,,,
Integrating UX work with agile development through user stories: An action research study in a small software company,Alisa Ananjeva,Female,"Aalborg University, Computer Science, Denmark",TRUE,Denmark,1,0,0
,John Stouby Persson,Male,"Aalborg University, Computer Science, Denmark",,Denmark,,,
,Anders Bruun,Male,"Aalborg University, Computer Science, Denmark",,Denmark,,,
Secondary studies in the academic context: A systematic mapping and survey,Katia Romero Felizardo,Female,"Federal University of Technology - ParanÃ¡ (UTFPR), Brazil",TRUE,Brazil,0,0,1
,Ã‰rica Ferreira de Souza,Female,"Federal University of Technology - ParanÃ¡ (UTFPR), Brazil",,Brazil,,,
,Bianca Minetto NapoleÃ£o,Female,"Federal University of Technology - ParanÃ¡ (UTFPR), Brazil",,Brazil,,,
,Nandamudi Lankalapalli Vijaykumar,Male,"National Institute for Space Research (INPE), Federal University of SÃ£o Paulo (Unifesp), Brazil",,Brazil,,,
,Maria Teresa Baldassarre,Female,"UniversitÃ degli Studi di Bari Aldo Moro, Italy",,Italy,,,
Scrum versus Rational Unified Process in facing the main challenges of product configuration systems development,Sara Shafiee,Female,"Department of Mechanical Engineering, Technical University of Denmark",FALSE,Denmark,0,0,1
,Yves Wautelet,Male,"Research Centre for Information Systems Engineering (LIRIS), KU Leuven",,Belgium,,,
,Lars Hvam,Male,"Department of Management Engineering, Technical University of Denmark",,Denmark,,,
,Enrico Sandrin,Male,"Department of Management and Engineering, University of Padova",,Italy,,,
,Cipriano Forza,Male,"Department of Management and Engineering, University of Padova",,Italy,,,
Implementation relations and testing for cyclic systems with refusals and discrete time,Raluca Lefticaru,Female,"Department of Computer Science, University of Bradford, Bradford, UK",TRUE,UK,0,0,1
,Robert M. Hierons,Male,"Department of Computer Science, The University of Sheffield, Sheffield, UK",,UK,,,
,Manuel NÃºÃ±ez,Male,"Design and Testing of Reliable Systems, Universidad Complutense de Madrid, Spain",,Spain,,,
Vendor Switching: Factors that matter when engineers onboard their own replacement,Darja Smite,Female,"Blekinge Institute of Technology, Karlskrona, Sweden",FALSE,Sweden,0,0,1
,Nils Brede Moe,Male,"SINTEF Digital, Trondheim, Norway",,Norway,,,
Understanding coordination in global software engineering: A mixed-methods study on the use of meetings and Slack,Viktoria Stray,Female,"University of Oslo, Oslo, Norway; SINTEF Digital, Trondheim, Norway",FALSE,Norway,0,1,0
,Nils Brede Moe,Male,"SINTEF Digital, Trondheim, Norway",,Norway,,,
Examining the reuse potentials of IoT application frameworks,Paraskevi Smiari,Female,"University of Western Macedonia, Greece",TRUE,Greece,0,0,1
,Stamatia Bibi,Female,"University of Western Macedonia, Greece",,Greece,,,
,Daniel Feitosa,Male,"Data Research Centre, University of Groningen, The Netherlands",,The Netherlands,,,
Some SonarQube issues have a significant but small effect on faults and changes. A large-scale empirical study,Valentina Lenarduzzi,Female,"LUT University, Lahti, Finland",TRUE,Finland,0,1,0
,Nyyti SaarimÃ¤ki,Female,"Tampere University, Tampere, Finland",,Finland,,,
,Davide Taibi,Male,"Tampere University, Tampere, Finland",,Finland,,,
A comparison of quality flaws and technical debt in model transformation specifications,Shekoufeh Kolahdouz-Rahimi,Female,"MDSE Research Group, Dept. of Software Engineering, University of Isfahan",TRUE,Iran,0,0,1
,Kevin Lano,Male,"Dept. of Informatics, Kingâ€™s College London",,UK,,,
,Mohammadreza Sharbaf,Male,"MDSE Research Group, Dept. of Software Engineering, University of Isfahan",,Iran,,,
,Meysam Karimi,Male,"MDSE Research Group, Dept. of Software Engineering, University of Isfahan",,Iran,,,
,Hessa Alfraihi,Female,"Dept. of Information Systems, Princess Nourah bint Abdulrahman University",,Saudi Arabia,,,
SEET: Symbolic Execution of ETL Transformations,Banafsheh Azizi,Female,"MDSE Research Group, Department of Software Engineering, University of Isfahan",TRUE,Iran,1,0,0
,Bahman Zamani,Male,"MDSE Research Group, Department of Software Engineering, University of Isfahan",,Iran,,,
,Shekoufeh Kolahdouz-Rahimi,Female,"MDSE Research Group, Department of Software Engineering, University of Isfahan",,Iran,,,
The influence of Technical Debt on software developer morale,Terese Besker,Female,"Chalmers University of Technology, HÃ¶rselgÃ¥ngen 4, 417 56 Gothenburg, Sweden",TRUE,Sweden,0,0,1
,Hadi Ghanbari,Male,"Aalto University, Ekonominaukio 1, 02510, Espoo, Finland",,Finland,,,
,Antonio Martini,Male,"University of Oslo, Department of Informatics, GaustadallÃ©en 23B, 0373 Oslo, Norway",,Norway,,,
,Jan Bosch,Male,"Chalmers University of Technology, HÃ¶rselgÃ¥ngen 4, 417 56 Gothenburg, Sweden",,Sweden,,,
Systematic literature review of empirical studies on mental representations of programs,Leah Bidlake,Female,"Faculty of Computer Science, University of New Brunswick, 550 Windsor St, Fredericton, NB, Canada",TRUE,Canada,0,1,0
,Eric Aubanel,Male,"Faculty of Computer Science, University of New Brunswick, 550 Windsor St, Fredericton, NB, Canada",,Canada,,,
,Daniel Voyer,Male,"Department of Psychology, University of New Brunswick, Canada",,Canada,,,
Modeling programs hierarchically with stack-augmented LSTM,Fang Liu,Female,"Peking University, Beijing",TRUE,China,1,0,0
,Lu Zhang,Male,"Peking University, Beijing",,China,,,
,Zhi Jin,Male,"Peking University, Beijing",,China,,,
Cloud reliability and efficiency improvement via failure risk based proactive actions,Yuli Tian,Female,"School of Computer Science, Northwestern Polytechnical University; Ministry of Industry and Information Technology Key Laboratory of Big Data Storage and Management",TRUE,China,0,0,1
,Jeff Tian,Male,"Department of Computer Science, Southern Methodist University; School of Informatics, Northwest University",,"USA, China",,,
,Ning Li,Male,"School of Computer Science, Northwestern Polytechnical University; Ministry of Industry and Information Technology Key Laboratory of Big Data Storage and Management",,China,,,
Three decades of software reference architectures: A systematic mapping study,Lina GarcÃ©s,Female,"Institute of Mathematics and Computing, Federal University of ItajubÃ¡, ItajubÃ¡, Brazil",TRUE,Brazil,0,0,1
,Silverio MartÃ­nez-FernÃ¡ndez,Male,"Universitat PolitÃ¨cnica de Catalunya, BarcelonaTech, Barcelona, Spain",,Spain,,,
,Lucas Oliveira,Male,"Federal Institute of SÃ£o Paulo, SÃ£o Carlos, Brazil",,Brazil,,,
,Pedro Valle,Male,"Department of Computer Systems, University of SÃ£o Paulo, SÃ£o Carlos, Brazil",,Brazil,,,
,Claudia Ayala,Female,"Universitat PolitÃ¨cnica de Catalunya, BarcelonaTech, Barcelona, Spain",,Spain,,,
,Xavier Franch,Male,"Universitat PolitÃ¨cnica de Catalunya, BarcelonaTech, Barcelona, Spain",,Spain,,,
,Elisa Yumi Nakagawa,Female,"Department of Computer Systems, University of SÃ£o Paulo, SÃ£o Carlos, Brazil",,Brazil,,,
Software engineering practices for scientific software development: A systematic mapping study,Elvira-Maria Arvanitou,Female,"Department of Applied Informatics, University of Macedonia, Thessaloniki, Greece",TRUE,Greece,0,0,1
,Apostolos Ampatzoglou,Male,"Department of Applied Informatics, University of Macedonia, Thessaloniki, Greece",,Greece,,,
,Alexander Chatzigeorgiou,Male,"Department of Applied Informatics, University of Macedonia, Thessaloniki, Greece",,Greece,,,
,Jeffrey C. Carver,Male,"Department of Computer Science, University of Alabama, United States of America",,USA,,,
Change impact analysis: A systematic mapping study,Maria Kretsou,Female,"Department of Informatics, Open Hellenic University, Patras, Greece",TRUE,Greece,0,1,0
,Elvira-Maria Arvanitou,Female,"Department of Applied Informatics, University of Macedonia, Thessaloniki, Greece",,Greece,,,
,Apostolos Ampatzoglou,Male,"Department of Applied Informatics, University of Macedonia, Thessaloniki, Greece",,Greece,,,
,Ignatios Deligiannis,Male,"Department of Information & Electronic Engineering, International Hellenic University, Greece",,Greece,,,
,Vassilis C. Gerogiannis,Male,"Department of Digital Systems, School of Technology, University of Thessaly, Greece",,Greece,,,
Donâ€™t run on fumesâ€”Parametric gas bounds for smart contracts,Elvira Albert,Female,"Instituto de TecnologÃ­a del Conocimiento, Spain",TRUE,Spain,0,1,0
,JesÃºs Correas,Male,"Complutense University of Madrid, Spain",,Spain,,,
,Pablo Gordillo,Male,"Complutense University of Madrid, Spain",,Spain,,,
,Guillermo RomÃ¡n-DÃ­ez,Male,"Universidad PolitÃ©cnica de Madrid, Spain",,Spain,,,
,Albert Rubio,Male,"Instituto de TecnologÃ­a del Conocimiento, Spain",,Spain,,,
Brain and autonomic nervous system activity measurement in software engineering: A systematic literature review,Barbara Weber,Female,"Institute of Computer Science, University of St. Gallen, St. Gallen, Switzerland",TRUE,Switzerland,0,0,1
,Thomas Fischer,Male,"University of Applied Sciences Upper Austria, Steyr, Austria",,Austria,,,
,RenÃ©e Riedl,Male,"Johannes Kepler University Linz, Linz, Austria",,Austria,,,
Do scaling agile frameworks address global software development risks? An empirical study,Sarah Beecham,Female,"Lero - the Science Foundation Ireland Research Centre for Software, University of Limerick, Limerick, Ireland",TRUE,Ireland,0,0,1
,Tony Clear,Male,"School of Engineering, Computer and Mathematical Sciences, Auckland University of Technology, Auckland, New Zealand",,New Zealand,,,
,Ramesh Lal,Male,"School of Engineering, Computer and Mathematical Sciences, Auckland University of Technology, Auckland, New Zealand",,New Zealand,,,
,John Noll,Male,"School of Physics, Engineering, and Computer Science, University of Hertfordshire, Hatfield, Hertfordshire, UK",,UK,,,
Learning software configuration spaces: A systematic literature review,Juliana Alves Pereira,Female,"Univ Rennes, Inria, CNRS, IRISA, France",FALSE,France,0,0,1
,Mathieu Acher,Male,"Univ Rennes, Inria, CNRS, IRISA, France",,France,,,
,Hugo Martin,Male,"Univ Rennes, Inria, CNRS, IRISA, France",,France,,,
,Jean-Marc JÃ©zÃ©quel,Male,"Univ Rennes, Inria, CNRS, IRISA, France",,France,,,
,Goetz Botterweck,Male,"Trinity College Dublin, Leroâ€“The Irish Software Research Centre, Ireland",,Ireland,,,
,Anthony Ventresque,Male,"University College Dublin, Ireland",,Ireland,,,
The ratio of equivalent mutants: A key to analyzing mutation equivalence,Imen Marsit,Female,"University of Sousse, Tunisia",FALSE,Tunisia,0,0,1
,Amani Ayad,Female,"SUNY Farmingdale, NY, USA",,USA,,,
,David Kim,Male,"NJIT, Newark, NJ, USA",,USA,,,
,Monsour Latif,Male,"NJIT, Newark, NJ, USA",,USA,,,
,JiMeng Loh,Male,"NJIT, Newark, NJ, USA",,USA,,,
,Mohamed Nazih Omri,Male,"University of Sousse, Tunisia",,Tunisia,,,
,Ali Mili,Male,"NJIT, Newark, NJ, USA",,USA,,,
Automated refactoring of legacy JavaScript code to ES6 modules,Katerina Paltoglou,Female,"Department of Informatics, Athens University of Economics and Business, Athens, Greece",TRUE,Greece,1,0,0
,Vassilis E. Zafeiris,Male,"Department of Informatics, Athens University of Economics and Business, Athens, Greece",,Greece,,,
,N.A. Diamantidis,Male,"Department of Informatics, Athens University of Economics and Business, Athens, Greece",,Greece,,,
,E.A. Giakoumakis,Male,"Department of Informatics, Athens University of Economics and Business, Athens, Greece",,Greece,,,
How to identify class comment types? A multi-language approach for class comment classification,Pooja Rani,Female,"Software Composition Group, University of Bern, Switzerland",TRUE,Switzerland,0,0,1
,Sebastiano Panichella,Male,"Zurich University of Applied Science, Switzerland",,Switzerland,,,
,Manuel Leuenberger,Male,"Software Composition Group, University of Bern, Switzerland",,Switzerland,,,
,Andrea Di Sorbo,Male,"Department of Engineering, University of Sannio, Italy",,Italy,,,
,Oscar Nierstrasz,Male,"Software Composition Group, University of Bern, Switzerland",,Switzerland,,,
"Architecture information communication in two OSS projects: The why, who, when, and what",Tingting Bi,Female,"School of Computer Science, Wuhan University, 430072 Wuhan, China",TRUE,China,0,0,1
,Wei Ding,Male,"Key Laboratory of Earthquake Geodesy, Institute of Seismology, China Earthquake Administration, China",,China,,,
,Peng Liang,Male,"School of Computer Science, Wuhan University, 430072 Wuhan, China",,China,,,
,Antony Tang,Male,"Faculty of Science, Engineering and Technology, Swinburne University of Technology, VIC 3122 Melbourne, Australia",,Australia,,,
A sustainable-development approach for self-adaptive cyberâ€“physical systemâ€™s life cycle: A systematic mapping study,Luisa Restrepo,Female,"RID on Information Technologies and Communications Research Group, Universidad EAFIT, MedellÃ­n, Colombia",TRUE,Colombia,0,0,1
,Jose Aguilar,Male,"RID on Information Technologies and Communications Research Group, Universidad EAFIT, MedellÃ­n, Colombia, CEMISID Universidad de Los Andes, MÃ©rida, Venezuela, Universidad de AlcalÃ¡, Dpto. AutomÃ¡tica, AlcalÃ¡ de Henares, Spain",,"Colombia, Venezuela, Spain",,,
,Mauricio Toro,Male,"RID on Information Technologies and Communications Research Group, Universidad EAFIT, MedellÃ­n, Colombia",,Colombia,,,
,Elizabeth SuescÃºn,Female,"RID on Information Technologies and Communications Research Group, Universidad EAFIT, MedellÃ­n, Colombia",,Colombia,,,
ARTINALI++: Multi-dimensional Specification Mining for Complex Cyber-Physical System Security,Maryam Raiyat Aliabadi,Female,"Faculty of Computer Science and Engineering, Shahid Beheshti University, Tehran, Iran",TRUE,Iran,1,0,0
,Mojtaba Vahidi Asl,Male,"Faculty of Computer Science and Engineering, Shahid Beheshti University, Tehran, Iran",,Iran,,,
,Ramak Ghavamizadeh,Male,"Faculty of Computer Science and Engineering, Shahid Beheshti University, Tehran, Iran",,Iran,,,
Deployment and communication patterns in microservice architectures: A systematic literature review,IÅŸÄ±l Karabey Aksakalli,Female,"Hacettepe University, Graduate School of Science and Engineering, Beytepe, Ankara, Turkey, Erzurum Technical University, Department of Computer Engineering, Turkey",FALSE,Turkey,0,0,1
,Turgay Ã‡elik,Male,"MilSOFT Software Technologies Corp, Turkey",,Turkey,,,
,Ahmet Burak Can,Male,"Hacettepe University, Department of Computer Engineering, Turkey",,Turkey,,,
,Bedir TekiÌ‡nerdoÄŸan,Male,"Wageningen University & Research, Information Technology, The Netherlands",,Netherlands,,,
Finding security threats that matter: Two industrial case studies,Katja Tuma,Female,"University of Gothenburg â€” Chalmers, Sweden",FALSE,Sweden,0,0,1
,Christian Sandberg,Male,"Volvo, Sweden",,Sweden,,,
,Urban Thorsson,Male,"Volvo, Sweden",,Sweden,,,
,Mathias Widman,Male,"Volvo, Sweden",,Sweden,,,
,Thomas Herpel,Male,"Zukunft Mobility, Germany",,Germany,,,
,Riccardo Scandariato,Male,"Hamburg University of Technology, Germany",,Germany,,,
A study on correlations between architectural smells and design patterns,Ilaria Pigazzini,Female,"University of Milano - Bicocca, Milan, Italy",TRUE,Italy,0,0,1
,Francesca Arcelli Fontana,Female,"University of Milano - Bicocca, Milan, Italy",,Italy,,,
,Bartosz Walter,Male,"Poznan University of Technology, Poznan, Poland",,Poland,,,
Android code smells: From introduction to refactoring,Sarra Habchi,Female,"University of Luxembourg, Luxembourg",FALSE,Luxembourg,0,0,1
,Naouel Moha,Female,"Ã‰cole de Technologie SupÃ©rieure, Canada",,Canada,,,
,Romain Rouvoy,Male,"University of Lille / Inria / IUF, France",,France,,,
An extensive study on smell-aware bug localization,Aoi Takahashi,Female,"School of Computing, Tokyo Institute of Technology, Tokyo, Japan",TRUE,Japan,1,0,0
,Natthawute Sae-Lim,Male,"School of Computing, Tokyo Institute of Technology, Tokyo, Japan",,Japan,,,
,Shinpei Hayashi,Male,"School of Computing, Tokyo Institute of Technology, Tokyo, Japan",,Japan,,,
,Motoshi Saeki,Male,"School of Computing, Tokyo Institute of Technology, Tokyo, Japan",,Japan,,,
Application of agile methods in traditional logistics companies and logistics startups,Malena Zielske,Female,"Hamburg University of Applied Sciences, Hamburg, Germany, Lufthansa Industry Solutions GmbH & Co. KG, Norderstedt, Germany",TRUE,Germany,1,0,0
,Tobias Held,Male,"Hamburg University of Applied Sciences, Hamburg, Germany, Lufthansa Industry Solutions GmbH & Co. KG, Norderstedt, Germany",,Germany,,,
An empirical study on the co-occurrence between refactoring actions and Self-Admitted Technical Debt removal,Martina Iammarino,Female,"University of Sannio, Italy",TRUE,Italy,1,0,0
,Fiorella Zampetti,Female,"University of Sannio, Italy",,Italy,,,
,Lerina Aversano,Female,"University of Sannio, Italy",,Italy,,,
,Massimiliano Di Penta,Male,"University of Sannio, Italy",,Italy,,,
Multilayered review of safety approaches for machine learning-based systems in the days of AI,Sangeeta Dey,Female,"Department of Artificial Intelligence, Ajou University, Suwon City, 16499, Republic of Korea",TRUE,South Korea,0,1,0
,Seok-Won Lee,Male,"Department of Artificial Intelligence, Ajou University, Suwon City, 16499, Republic of Korea, Department of Software and Computer Engineering, Ajou University, Suwon City, 16499, Republic of Korea",,South Korea,,,
"The symptoms, causes, and repairs of bugs inside a deep learning library",Li Jia,Female,"Shanghai Jiao Tong University, Shanghai 200240, China",TRUE,China,0,0,1
,Hao Zhong,Male,"Shanghai Jiao Tong University, Shanghai 200240, China",,China,,,
,Xiaoyin Wang,Female,"University of Texas at San Antonio, TX, USA",,USA,,,
,Linpeng Huang,Male,"Shanghai Jiao Tong University, Shanghai 200240, China",,China,,,
,Xuansheng Lu,Male,"Shanghai Jiao Tong University, Shanghai 200240, China",,China,,,
A Kubernetes controller for managing the availability of elastic microservice based stateful applications,Leila Abdollahi Vayghan,Female,"Engineering and Computer Science, Concordia University, Montreal, Canada",FALSE,Canada,0,1,0
,Mohamed Aymen Saied,Male,"Computer Science and Software Engineering Department, Laval University, Quebec, Canada",,Canada,,,
,Maria Toeroe,Female,"Ericsson Inc., Montreal, Canada",,Canada,,,
,Ferhat Khendek,Male,"Engineering and Computer Science, Concordia University, Montreal, Canada",,Canada,,,
ProDSPL: Proactive self-adaptation based on Dynamic Software Product Lines,Inmaculada Ayala,Female,"Departamento de Lenguajes y Ciencias de la ComputaciÃ³n, Universidad de MÃ¡laga, Spain, ITIS Software, Universidad de MÃ¡laga, Spain",FALSE,Spain,0,0,1
,Alessandro V. Papadopoulos,Male,"MÃ¤lardalens hÃ¶gskola, Sweden",,Sweden,,,
,Mercedes Amor,Female,"Departamento de Lenguajes y Ciencias de la ComputaciÃ³n, Universidad de MÃ¡laga, Spain, ITIS Software, Universidad de MÃ¡laga, Spain",,Spain,,,
,Lidia Fuentes,Female,"Departamento de Lenguajes y Ciencias de la ComputaciÃ³n, Universidad de MÃ¡laga, Spain, ITIS Software, Universidad de MÃ¡laga, Spain",,Spain,,,
"A systematic literature review of blockchain and smart contract development: Techniques, tools, and open challenges",Anna Vacca,Female,"Department of Engineering, University of Sannio, Italy",TRUE,Italy,1,0,0
,Andrea Di Sorbo,Male,"Department of Engineering, University of Sannio, Italy",,Italy,,,
,Corrado A. Visaggio,Male,"Department of Engineering, University of Sannio, Italy",,Italy,,,
,Gerardo Canfora,Male,"Department of Engineering, University of Sannio, Italy",,Italy,,,
Signal-Based Properties of Cyber-Physical Systems: Taxonomy and Logic-based Characterization,Chaima Boufaied,Female,"Interdisciplinary Centre for Security, Reliability and Trust (SnT), University of Luxembourg, Luxembourg",FALSE,Luxembourg,0,0,1
,Maris Jukss,Male,"Interdisciplinary Centre for Security, Reliability and Trust (SnT), University of Luxembourg, Luxembourg",,Luxembourg,,,
,Domenico Bianculli,Male,"Interdisciplinary Centre for Security, Reliability and Trust (SnT), University of Luxembourg, Luxembourg, School of EECS, University of Ottawa, Canada",,"Luxembourg, Canada",,,
,Lionel Claude Briand,Male,"Interdisciplinary Centre for Security, Reliability and Trust (SnT), University of Luxembourg, Luxembourg, School of EECS, University of Ottawa, Canada",,"Luxembourg, Canada",,,
,Yago Isasi Parache,Male,"LuxSpace SÃ rl, Luxembourg",,Luxembourg,,,
On the impact of release policies on bug handling activity: A case study of Eclipse,Zeinab Abou Khalil,Female,"Software Engineering Lab, University of Mons, Avenue Maistriau 15, B-7000 Mons, Belgium, UniversitÃ© de Lille, Lille, France, INRIA Lille â€“ Nord Europe, France",TRUE,"Belgium, France",0,0,1
,Eleni Constantinou,Female,"Eindhoven University of Technology, Groene Loper 5, 5612 AE, Eindhoven, Netherlands",,Netherlands,,,
,Tom Mens,Male,"Software Engineering Lab, University of Mons, Avenue Maistriau 15, B-7000 Mons, Belgium",,Belgium,,,
,Laurence Duchien,Male,"UniversitÃ© de Lille, Lille, France, INRIA Lille â€“ Nord Europe, France",,France,,,
How are issue reports discussed in Gitter chat rooms?,Hareem Sahar,Female,"University of Alberta, Edmonton, Canada",TRUE,Canada,1,0,0
,Abram Hindle,Male,"University of Alberta, Edmonton, Canada",,Canada,,,
,Cor-Paul Bezemer,Male,"University of Alberta, Edmonton, Canada",,Canada,,,
Convolutional neural networks for enhanced classification mechanisms of metamodels,Phuong T. Nguyen,Female,"UniversitÃ degli studi dellâ€™Aquila, 67100 Lâ€™Aquila, Italy",TRUE,Italy,0,1,0
,Davide Di Ruscio,Male,"UniversitÃ degli studi dellâ€™Aquila, 67100 Lâ€™Aquila, Italy",,Italy,,,
,Alfonso Pierantonio,Male,"UniversitÃ degli studi dellâ€™Aquila, 67100 Lâ€™Aquila, Italy",,Italy,,,
,Juri Di Rocco,Male,"UniversitÃ degli studi dellâ€™Aquila, 67100 Lâ€™Aquila, Italy",,Italy,,,
,Ludovico Iovino,Male,"Gran Sasso Science Institute, Italy",,Italy,,,
An automated model-based approach to repair test suites of evolving web applications,Javaria Imtiaz,Female,"Quest Lab, Department of Computer Science, National University of Computer and Emerging Sciences, Islamabad, Pakistan",FALSE,Pakistan,0,1,0
,Muhammad Zohaib Iqbal,Male,"UAV Dependability Lab, National Center of Robotics and Automation (NCRA), Islamabad, Pakistan",,Pakistan,,,
,Muhammad Uzair Khan,Male,"UAV Dependability Lab, National Center of Robotics and Automation (NCRA), Islamabad, Pakistan",,Pakistan,,,
Legacy software migration based on timing contract aware real-time execution environments,Irune Yarza,Female,"Ikerlan Technology Research Centre, Basque Research and Technology Alliance (BRTA), Arrasate-MondragÃ³n, Spain",FALSE,Spain,0,0,1
,Mikel Azkarate-askatsua,Male,"Ikerlan Technology Research Centre, Basque Research and Technology Alliance (BRTA), Arrasate-MondragÃ³n, Spain",,Spain,,,
,Peio Onaindia,Male,"Ikerlan Technology Research Centre, Basque Research and Technology Alliance (BRTA), Arrasate-MondragÃ³n, Spain",,Spain,,,
,Kim GrÃ¼ttner,Female,"OFFIS - Institute for Information Technology, Oldenburg, Germany",,Germany,,,
,Philipp Ittershagen,Male,"OFFIS - Institute for Information Technology, Oldenburg, Germany",,Germany,,,
,Wolfgang Nebel,Male,"C.v.O. UniversitÃ¤t Oldenburg, Oldenburg, Germany",,Germany,,,
"A systematic literature review on Technical Debt prioritization: Strategies, processes, factors, and tools",Valentina Lenarduzzi,Female,"LUT University, Lathi, Finland",TRUE,Finland,0,0,1
,Terese Besker,Female,"Chalmers University of Technology, GÃ¶teborg, Sweden",,Sweden,,,
,Davide Taibi,Male,"Tampere University, Tampere, Finland",,Finland,,,
,Antonio Martini,Male,"University of Oslo, Oslo, Norway",,Norway,,,
,Francesca Arcelli Fontana,Female,"University of Milano-Bicocca, Milan, Italy",,Italy,,,
Does code quality affect pull request acceptance? An empirical study,Valentina Lenarduzzi,Female,"LUT University, Lahti, Finland",TRUE,Finland,0,1,0
,Vili Nikkola,Male,"Tampere University, Tampere, Finland",,Finland,,,
,Nyyti SaarimÃ¤ki,Female,"Tampere University, Tampere, Finland",,Finland,,,
,Davide Taibi,Male,"Tampere University, Tampere, Finland",,Finland,,,
Interdisciplinary effects of technical debt in companies with mechatronic products â€” a qualitative study,Birgit Vogel-Heuser,Female,"Institute of Automation and Information Systems, Technische UniversitÃ¤t MÃ¼nchen, 85748 Garching b. MÃ¼nchen, Germany",TRUE,Germany,1,0,0
,Fandi Bi,Male,"Institute of Automation and Information Systems, Technische UniversitÃ¤t MÃ¼nchen, 85748 Garching b. MÃ¼nchen, Germany",,Germany,,,
Product metrics for spreadsheetsâ€”A systematic review,Birgit Hofer,Female,"Department of Software Engineering, Graz University of Technology, Austria",TRUE,Austria,0,1,0
,Dietmar Jannach,Male,"Department of Computer Science, University of Klagenfurt, Austria",,Austria,,,
,Patrick Koch,Male,"Department of Computer Science, University of Klagenfurt, Austria",,Austria,,,
,Konstantin Schekotihin,Male,"Department of Computer Science, University of Klagenfurt, Austria",,Austria,,,
,Franz Wotawa,Male,"Department of Software Engineering, Graz University of Technology, Austria",,Austria,,,
How to kill them all: An exploratory study on the impact of code observability on mutation testing,Qianqian Zhu,Female,Delft University of Technology,TRUE,Netherlands,1,0,0
,Andy Zaidman,Male,Delft University of Technology,,Netherlands,,,
,Annibale Panichella,Male,Delft University of Technology,,Netherlands,,,
Requirements engineering challenges and practices in large-scale agile system development,Rashidah Kasauli,Female,"Department of Computer Science and Engineering, Chalmers â€” University of Gothenburg",TRUE,Sweden,0,0,1
,Eric Knauss,Male,"Department of Computer Science and Engineering, Chalmers â€” University of Gothenburg",,Sweden,,,
,Jennifer Horkoff,Female,"Department of Computer Science and Engineering, Chalmers â€” University of Gothenburg",,Sweden,,,
,Grischa Liebel,Male,"School of Computer Science, Reykjavik University",,Iceland,,,
,Francisco Gomes de Oliveira Neto,Male,"Department of Computer Science and Engineering, Chalmers â€” University of Gothenburg",,Sweden,,,
Accessibility and Software Engineering Processes: A Systematic Literature Review,DÃ©bora Maria Barroso Paiva,Female,"Faculdade de ComputaÃ§Ã£o, Universidade Federal de Mato Grosso do Sul, Cidade UniversitÃ¡ria, s/n - Campo Grande MS, Brazil",FALSE,Brazil,0,1,0
,AndrÃ© Pimenta Freire,Male,"Departamento de CiÃªncia da ComputaÃ§Ã£o, Universidade Federal de Lavras, Caixa Postal 3037 - Lavras MG, Brazil",,Brazil,,,
,Renata Pontin de Mattos Fortes,Female,"Instituto de CiÃªncias MatemÃ¡ticas e de ComputaÃ§Ã£o, Universidade de SÃ£o Paulo, Av. Trabalhador SÃ£o-carlense 400 - SÃ£o Carlos SP, Brazil",,Brazil,,,
Mining Architecture Tactics and Quality Attributes knowledge in Stack Overflow,Tingting Bi,Female,"School of Computer Science, Wuhan University, Wuhan, China; Faculty of Information Technology, Monash University, Melbourne, Australia",TRUE,"China, Australia",0,0,1
,Peng Liang,Male,"School of Computer Science, Wuhan University, Wuhan, China",,China,,,
,Antony Tang,Male,"Faculty of Science, Engineering and Technology, Swinburne University of Technology, Melbourne, Australia; Software and Services Research Group, Vrije Universiteit Amsterdam, Netherlands",,"Australia, Netherlands",,,
,Xin Xia,Male,"Faculty of Information Technology, Monash University, Melbourne, Australia",,Australia,,,
Synthesizing researches on Knowledge Management and Agile Software Development using the Meta-ethnography method,Bianca Minetto NapoleÃ£o,Female,"Department of Computer, Federal University of Technology, ParanÃ¡ - UTFPR, CornÃ©lio ProcÃ³pio, ParanÃ¡, Brazil",TRUE,Brazil,0,1,0
,Ã‰rica Ferreira de Souza,Female,"Department of Computer, Federal University of Technology, ParanÃ¡ - UTFPR, CornÃ©lio ProcÃ³pio, ParanÃ¡, Brazil",,Brazil,,,
,Glauco Antonio Ruiz,Male,"Department of Computer, Federal University of Technology, ParanÃ¡ - UTFPR, CornÃ©lio ProcÃ³pio, ParanÃ¡, Brazil",,Brazil,,,
,Katia Romero Felizardo,Female,"Department of Computer, Federal University of Technology, ParanÃ¡ - UTFPR, CornÃ©lio ProcÃ³pio, ParanÃ¡, Brazil",,Brazil,,,
,Giovani Volnei Meinerz,Male,"Department of Computer, Federal University of Technology, ParanÃ¡ - UTFPR, CornÃ©lio ProcÃ³pio, ParanÃ¡, Brazil",,Brazil,,,
,Nandamudi Lankalapalli Vijaykumar,Male,"National Institute for Space Research (INPE), Laboratory of Computing and Applied Mathematics (LAC), SÃ£o JosÃ© dos Campos, SÃ£o Paulo, Brazil; Federal University of SÃ£o Paulo (Unifesp), Institute of Science & Technology (ICT), SÃ£o JosÃ© dos Campos, SÃ£o Paulo, Brazil",,Brazil,,,
A qualitative analysis of themes in instant messaging communication of software developers,Camila Costa Silva,Female,University of Canterbury,TRUE,New Zealand,1,0,0
,Matthias Galster,Male,University of Canterbury,,New Zealand,,,
,Fabian Gilson,Male,University of Canterbury,,New Zealand,,,
A sampling-based online Co-Location-Resistant Virtual Machine placement strategy,Marwa Thabet,Female,"University of Sousse, ISITCom, CES-Laboratory, University of Sfax",TRUE,Tunisia,0,0,1
,Brahim Hnich,Male,"Faculty of Sciences, University of Monastir, CES-Laboratory, University of Sfax",,Tunisia,,,
,Mouhebeddine Berrima,Male,"Department of Applied Natural Sciences, Applied College, Qassim University, LIPSIC, University of Tunis El Manar",,"Saudi Arabia, Tunisia",,,
A user survey on the adoption of crowd-based software engineering instructional screencasts by the new generation of software developers,Parisa Moslehi,Female,"Concordia University, Montreal, Canada",TRUE,Canada,0,1,0
,Juergen Rilling,Male,"Concordia University, Montreal, Canada",,Canada,,,
,Bram Adams,Male,"Queens University, Kingston, Canada",,Canada,,,
Adopting threat modelling in agile software development projects,Karin Bernsmed,Female,"SINTEF Digital, Trondheim, Norway",FALSE,Norway,0,0,1
,Daniela Soares Cruzes,Female,"SINTEF Digital, Trondheim, Norway",,Norway,,,
,Martin Gilje Jaatun,Male,"SINTEF Digital, Trondheim, Norway",,Norway,,,
,Monica Iovan,Female,"Visma, Romania",,Romania,,,
Agile methods used by traditional logistics companies and logistics start-ups: a systematic literature review,Malena Zielske,Female,"Hamburg University of Applied Sciences, Lufthansa Industry Solutions GmbH & Co. KG",TRUE,Germany,0,1,0
,Tobias Held,Male,Hamburg University of Applied Sciences,,Germany,,,
An automated extract method refactoring approach to correct the long method code smell,Mahnoosh Shahidi,Female,Iran University of Science and Technology,TRUE,Iran,1,0,0
,Mehrdad Ashtiani,Male,Iran University of Science and Technology,,Iran,,,
,Morteza Zakeri-Nasrabadi,Male,Iran University of Science and Technology,,Iran,,,
An empirical characterization of software bugs in open-source Cyberâ€“Physical Systems,Fiorella Zampetti,Female,"Department of Engineering, University of Sannio, Italy",FALSE,Italy,0,0,1
,Ritu Kapur,Female,"C-DAC Centre in North East (CINE), India",,India,,,
,Massimiliano Di Penta,Male,"Department of Engineering, University of Sannio, Italy",,Italy,,,
,Sebastiano Panichella,Male,"Zurich University of Applied Science, Switzerland",,Switzerland,,,
An empirical comparison of four Java-based regression test selection techniques,Min Kyung Shin,Female,"Department of Computer Science, Colorado State University",TRUE,USA,0,1,0
,Sudipto Ghosh,Male,"Department of Computer Science, Colorado State University",,USA,,,
,Leo R. Vijayasarathy,Male,"Department of Computer Information Systems, Colorado State University",,USA,,,
Changes in perceived productivity of software engineers during COVID-19 pandemic: The voice of evidence,Darja Smite,Female,"Blekinge Institute of Technology, SINTEF",FALSE,"Sweden, Norway",0,0,1
,Anastasiia Tkalich,Female,SINTEF,,Norway,,,
,Nils Brede Moe,Male,"Blekinge Institute of Technology, SINTEF",,"Sweden, Norway",,,
,Efi Papatheocharous,Female,Blekinge Institute of Technology,,Sweden,,,
,Eriks Klotins,Male,Blekinge Institute of Technology,,Sweden,,,
,Marte Pettersen Buvik,Female,SINTEF,,Norway,,,
Classifying crowdsourced mobile test reports with image features: An empirical study,Yuying Li,Female,"The State Key Laboratory for Novel Software Technology, Nanjing University",TRUE,China,1,0,0
,Yang Feng,Male,"The State Key Laboratory for Novel Software Technology, Nanjing University",,China,,,
,Rui Hao,Male,"The State Key Laboratory for Novel Software Technology, Nanjing University",,China,,,
,Di Liu,Male,"The State Key Laboratory for Novel Software Technology, Nanjing University",,China,,,
,Chunrong Fang,Male,"The State Key Laboratory for Novel Software Technology, Nanjing University",,China,,,
,Zhenyu Chen,Male,"The State Key Laboratory for Novel Software Technology, Nanjing University",,China,,,
,Baowen Xu,Male,"The State Key Laboratory for Novel Software Technology, Nanjing University",,China,,,
Conformance assessment of Architectural Design Decisions on API endpoint designs derived from domain modelsâœ©,Apitchaka Singjai,Female,"University of Vienna, Faculty of Computer Science, Research Group Software Architecture",TRUE,Austria,1,0,0
,Uwe Zdun,Male,"University of Vienna, Faculty of Computer Science, Research Group Software Architecture",,Austria,,,
Data management for production quality deep learning models: Challenges and solutions,Aiswarya Raj Munappy,Female,"Department of Computer Science and Engineering, Chalmers University of Technology, HÃ¶rselgÃ¥ngen 11, 412 96, Gothenburg, Sweden",FALSE,Sweden,0,1,0
,Jan Bosch,Male,"Department of Computer Science and Engineering, Chalmers University of Technology, HÃ¶rselgÃ¥ngen 11, 412 96, Gothenburg, Sweden",,Sweden,,,
,Helena HolmstrÃ¶m Olsson,Female,"Department of Computer Science and Media Technology, MalmÃ¶ University, NordenskiÃ¶ldsgatan 1, 205 06, MalmÃ¶, Sweden",,Sweden,,,
,Anders Arpteg,Male,"Peltarion - the operational AI platform, HollÃ¤ndargatan 17, 111 60, Stockholm, Sweden",,Sweden,,,
,BjÃ¶rn Brinne,Male,"Peltarion - the operational AI platform, HollÃ¤ndargatan 17, 111 60, Stockholm, Sweden",,Sweden,,,
Deep learning application on code clone detection: A review of current knowledge,Maggie Lei,Female,"Computer Science and Engineering, Oakland University, Rochester, MI, 48309, United States",TRUE,United States,1,0,0
,Hao Li,Male,"Computer Science and Engineering, Oakland University, Rochester, MI, 48309, United States",,United States,,,
,Ji Li,Male,"Computer Science and Engineering, Oakland University, Rochester, MI, 48309, United States",,United States,,,
,Namrata Aundhkar,Female,"Computer Science and Engineering, Oakland University, Rochester, MI, 48309, United States",,United States,,,
,Dae-Kyoo Kim,Male,"Computer Science and Engineering, Oakland University, Rochester, MI, 48309, United States",,United States,,,
Developersâ€™ need for the rationale of code commits: An in-breadth and in-depth study,Khadijah Al Safwan,Female,"Department of Computer Science, Virginia Tech, Blacksburg, Virginia, United States of America",FALSE,United States,0,0,1
,Mohammed Elarnaoty,Male,"Department of Computer Science, Virginia Tech, Blacksburg, Virginia, United States of America, Cairo University, Giza, Egypt",,"United States, Egypt",,,
,Francisco Servant,Male,"Universidad Rey Juan Carlos, Madrid, Spain, Department of Computer Science, Virginia Tech, Blacksburg, Virginia, United States of America",,"Spain, United States",,,
Exploiting gated graph neural network for detecting and explaining self-admitted technical debts,Jiaojiao Yu,Female,"School of Computer Science, Wuhan University, Wuhan, China",TRUE,China,0,0,1
,Kunsong Zhao,Male,"School of Computer Science, Wuhan University, Wuhan, China",,China,,,
,Jin Liu,Male,"School of Computer Science, Wuhan University, Wuhan, China",,China,,,
,Xiao Liu,Male,"School of Information Technology, Deakin University, Geelong, Australia",,Australia,,,
,Zhou Xu,Male,"School of Big Data and Software Engineering, Chongqing University, Chongqing, China",,China,,,
,Xin Wang,Male,"School of Computer Science, Wuhan University, Wuhan, China",,China,,,
"GitHub repositories with links to academic papers: Public access, traceability, and evolutionâœ©",Supatsara Wattanakriengkrai,Female,Nara Institute of Science and Technology,TRUE,Japan,0,0,1
,Bodin Chinthanet,Male,Nara Institute of Science and Technology,,Japan,,,
,Hideaki Hata,Male,Shinshu University,,Japan,,,
,Raula Gaikovina Kula,Male,Nara Institute of Science and Technology,,Japan,,,
,Christoph Treude,Male,University of Melbourne,,Australia,,,
,Jin Guo,Female,McGill University,,Canada,,,
,Kenichi Matsumoto,Male,Nara Institute of Science and Technology,,Japan,,,
Identification and measurement of Requirements Technical Debt in software development: A systematic literature review,Ana Melo,Female,"University of Pernambuco, Recife, Brazil",TRUE,Brazil,0,0,1
,Roberta Fagundes,Female,"University of Pernambuco, Recife, Brazil",,Brazil,,,
,Valentina Lenarduzzi,Female,"University of Oulu, Oulu, Finland",,Finland,,,
,Wylliams Barbosa Santos,Male,"University of Pernambuco, Recife, Brazil",,Brazil,,,
Multi-paradigm modeling for cyberâ€“physical systems: A systematic mapping review,Ankica BariÅ¡iÄ‡,Female,"Universite Cote dâ€™Azur, CNRS, Inria, Sophia Antipolis, France; NOVA LINCS, University NOVA of Lisboa, Portugal",FALSE,"France, Portugal",0,0,1
,Ivan Ruchkin,Male,"University of Pennsylvania, United States of America",,USA,,,
,DuÅ¡an SaviÄ‡,Male,"Faculty of Organizational Sciences, Belgrade, Serbia",,Serbia,,,
,Mustafa Abshir Mohamed,Male,"Ege University, Izmir, Turkey",,Turkey,,,
,Rima Al-Ali,Female,"Charles University, Prague, Czech Republic",,Czech Republic,,,
,Letitia W. Li,Female,"FAST Labs, BAE Systems, United States of America",,USA,,,
,Hana Mkaouar,Female,"LTCI, Telecom Paris, Institut Polytechnique de Paris, France",,France,,,
,Raheleh Eslampanah,Female,"University of Antwerp and Flanders Make, Belgium",,Belgium,,,
,Moharram Challenger,Male,"University of Antwerp and Flanders Make, Belgium",,Belgium,,,
,Dominique Blouin,Female,"LTCI, Telecom Paris, Institut Polytechnique de Paris, France",,France,,,
,Oksana Nikiforova,Female,"Riga Technical University, Riga, Latvia",,Latvia,,,
,Antonio Cicchetti,Male,"MÃ¤lardalen University, VÃ¤sterÃ¥s, Sweden",,Sweden,,,
Mutation testing of PL/SQL programsâœ©,Arzu Behiye TarÄ±mcÄ±,Female,"Turkcell Technology, Istanbul, Turkey",FALSE,Turkey,0,1,0
,Hasan SÃ¶zer,Male,"Ozyegin University, Istanbul, Turkey",,Turkey,,,
On the benefits and problems related to using Definition of Doneâ€”A survey studyâœ©,Sylwia KopczyÅ„ska,Female,"Poznan University of Technology, Institute of Computing Science",TRUE,Poland,1,0,0
,MirosÅ‚aw Ochodek,Male,"Poznan University of Technology, Institute of Computing Science",,Poland,,,
,Jakub Piechowiak,Male,"Poznan University of Technology, Institute of Computing Science",,Poland,,,
,Jerzy Nawrocki,Male,"Poznan University of Technology, Institute of Computing Science",,Poland,,,
On the evaluation of usability design guidelines for improving network monitoring tools interfaces,Sofia A.M. Silveira,Female,"Federal University of SÃ£o Carlos, Sorocaba, SP, Brazil",TRUE,Brazil,0,1,0
,Luciana A.M. Zaina,Female,"Federal University of SÃ£o Carlos, Sorocaba, SP, Brazil",,Brazil,,,
,Leobino N. Sampaio,Male,"Federal University of Bahia, Salvador, BA, Brazil",,Brazil,,,
,FÃ¡bio L. Verdi,Male,"Federal University of SÃ£o Carlos, Sorocaba, SP, Brazil",,Brazil,,,
Preventing accessibility barriers: Guidelines for using user interface design patterns in mobile applications,Luciana A.M. Zaina,Female,Federal University of SÃ£o Carlos (UFSCAR),TRUE,Brazil,0,1,0
,Renata P.M. Fortes,Female,University of SÃ£o Paulo (USP),,Brazil,,,
,Vitor Casadei,Male,Federal University of SÃ£o Carlos (UFSCAR),,Brazil,,,
,Leornardo Seiji Nozaki,Male,Federal University of SÃ£o Carlos (UFSCAR),,Brazil,,,
,DÃ©bora Maria Barroso Paiva,Female,Federal University of Mato Grosso do Sul (UFMS),,Brazil,,,
Quality measurement in agile and rapid software development: A systematic mapping,Lidia LÃ³pez,Female,"Universitat PolitÃ¨cnica de Catalunya, Barcelona Supercomputing Center",TRUE,Spain,0,0,1
,Xavier BurguÃ©s,Male,Universitat PolitÃ¨cnica de Catalunya,,Spain,,,
,Silverio MartÃ­nez-FernÃ¡ndez,Male,Universitat PolitÃ¨cnica de Catalunya,,Spain,,,
,Anna Maria Vollmer,Female,Fraunhofer Institute for Experimental Software Engineering,,Germany,,,
,Woubshet Behutiye,Male,University of Oulu,,Finland,,,
,Pertti KarhapÃ¤Ã¤,Male,University of Oulu,,Finland,,,
,Xavier Franch,Male,Universitat PolitÃ¨cnica de Catalunya,,Spain,,,
,Pilar RodrÃ­guez,Female,Universidad PolitÃ©cnica de Madrid,,Spain,,,
,Markku Oivo,Male,University of Oulu,,Finland,,,
SEXTAMT: A systematic map to navigate the wide seas of factors affecting expert judgment software estimates,PatrÃ­cia Gomes Fernandes Matsubara,Female,"a: Institute of Computing, UFAM, Brazil; b: Faculty of Computing, UFMS, Brazil",TRUE,Brazil,0,0,1
,Bruno Freitas Gadelha,Male,"a: Institute of Computing, UFAM, Brazil",,Brazil,,,
,Igor Steinmacher,Male,"c: Federal University of Technology - ParanÃ¡, Brazil; d: Northern Arizona University, United States",,"Brazil, United States",,,
,Tayana UchÃ´a Conte,Female,"a: Institute of Computing, UFAM, Brazil",,Brazil,,,
The state of research on software engineering competencies: A systematic mapping study,Nana Assyne,Female,"University of JyvÃ¤skylÃ¤, Faculty of Information Technology, FI-40014 JyvÃ¤skylÃ¤, Finland",TRUE,Finland,0,0,1
,Hadi Ghanbari,Male,"Aalto University, School of Business, Espoo, Finland; FinEst Centre for Smart Cities, TalTech, Estonia",,"Finland, Estonia",,,
,Mirja Pulkkinen,Female,"University of JyvÃ¤skylÃ¤, Faculty of Information Technology, FI-40014 JyvÃ¤skylÃ¤, Finland",,Finland,,,
Transformation-based model checking temporal trust in multi-agent systems,Nagat Drawel,Female,Concordia Institute for Information Systems Engineering,TRUE,Canada,0,0,1
,Amine Laarej,Male,Concordia Institute for Information Systems Engineering,,Canada,,,
,Jamal Bentahar,Male,Concordia Institute for Information Systems Engineering,,Canada,,,
,Mohamed El Menshawy,Male,"Computer Science, Menoufia University",,Egypt,,,
Visualization of aggregated information to support class-level software evolution,Mona Rahimi,Female,"Northern Illinois University, 100 Normal Rd. DeKalb, IL, 60115, United States",TRUE,United States,0,0,1
,Michael Vierhauser,Male,"Department of Business Informaticsâ€“Software Engineering, Johannes Kepler University, Altenberger Str. 69, 4040 Linz, Austria",,Austria,,,
VulSlicer: Vulnerability detection through code slicing,Solmaz Salimi,Female,"S4Lab, Department of Computer Engineering, Sharif University of Technology",TRUE,Iran,1,0,0
,Mehdi Kharrazi,Male,"S4Lab, Department of Computer Engineering, Sharif University of Technology",,Iran,,,
Continuous verification with acknowledged MAPE-K pattern and time logic-based slicing: A platooning system of systems case study,Jiyoung Song,Female,"Computer Engineering, Hannam University, 70 Hannamro, Daedeok-Gu, Daejeon, 34430",TRUE,Republic of Korea,0,1,0
,Doo-Hwan Bae,Male,"School of Computing, Korea Advanced Institute of Science and Technology (KAIST), 291 Daehak-ro, Yuseong-gu, Daejeon, 34141",,Republic of Korea,,,
Empathy models and software engineering â€” A preliminary analysis and taxonomy,Hashini Gunatilake,Female,"Department of Software Systems and Cybersecurity, Faculty of Information Technology, Monash University, Melbourne, Australia",TRUE,Australia,1,0,0
,John Grundy,Male,"Department of Software Systems and Cybersecurity, Faculty of Information Technology, Monash University, Melbourne, Australia",,Australia,,,
,Ingo Mueller,Male,"Department of Software Systems and Cybersecurity, Faculty of Information Technology, Monash University, Melbourne, Australia",,Australia,,,
,Rashina Hoda,Female,"Department of Software Systems and Cybersecurity, Faculty of Information Technology, Monash University, Melbourne, Australia",,Australia,,,
Open tracing tools: Overview and critical comparison,Andrea Janes,Female,FHV Vorarlberg University of Applied Sciences,TRUE,Austria,0,0,1
,Xiaozhou Li,Male,"Tampere University, University of Oulu",,Finland,,,
,Valentina Lenarduzzi,Female,University of Oulu,,Finland,,,
"A critical comparison on six static analysis tools: Detection, agreement, and precision",Valentina Lenarduzzi,Female,M3S Research Unit - University of Oulu,TRUE,Finland,0,0,1
,Fabiano Pecorelli,Male,Clowee Research group - Tampere University,,Finland,,,
,Nyyti Saarimaki,Female,Clowee Research group - Tampere University,,Finland,,,
,Savanna Lujan,Female,Clowee Research group - Tampere University,,Finland,,,
,Fabio Palomba,Male,SeSa Lab - University of Salerno,,Italy,,,
Automatic prediction of developersâ€™ resolutions for software merge conflicts,Waad Aldndni,Female,Virginia Polytechnic Institute and State University,TRUE,USA,0,0,1
,Na Meng,Female,Virginia Polytechnic Institute and State University,,USA,,,
,Francisco Servant,Male,"ITIS Software, Universidad de MÃ¡laga",,Spain,,,
Investigating the role of Product Owner in Scrum teams: Differentiation between organisational and individual impacts and opportunities,Maja Due Kadenic,Female,"Department of Business Development and Technology, Aarhus BSS, Aarhus University",TRUE,Denmark,1,0,0
,Diego Augusto de Jesus Pacheco,Male,"Department of Business Development and Technology, Aarhus BSS, Aarhus University",,Denmark,,,
,Konstantinos Koumaditis,Male,"Department of Business Development and Technology, Aarhus BSS, Aarhus University",,Denmark,,,
,Gitte TjÃ¸rnehÃ¸j,Female,"Department of Business Development and Technology, Aarhus BSS, Aarhus University",,Denmark,,,
,Torben Tambo,Male,"Department of Business Development and Technology, Aarhus BSS, Aarhus University",,Denmark,,,
The impact of unequal contributions in student software engineering team projects,Kamilla Kopec-Harding,Female,"Research IT, University of Manchester",TRUE,United Kingdom,0,0,1
,Sukru Eraslan,Male,"Middle East Technical University, Northern Cyprus Campus",,Turkey,,,
,Bowen Cai,Male,"Department of Computer Science, University of Manchester",,United Kingdom,,,
,Suzanne M. Embury,Female,"Department of Computer Science, University of Manchester",,United Kingdom,,,
,Caroline Jay,Female,"Department of Computer Science, University of Manchester",,United Kingdom,,,
Pragmatic evidence of cross-language link detection: A systematic literature review,Saira Latif a,Female,"University of Central Punjab, Lahore 54000, Pakistan",TRUE,Pakistan,0,0,1
,Zaigham Mushtaq b,Male,"The Islamia University, Bahawalpur 63102, Pakistan",,Pakistan,,,
,Ghulam Rasool c,Male,"COMSATS University Islamabad, Lahore Campus, 54000, Pakistan",,Pakistan,,,
,Furqan Rustam d,Male,"School of Computer Science, University College Dublin, Belfield Dublin 4, Ireland",,Ireland,,,
,Naila Aslam e,Female,"School of Electronics and Information Engineering, Hebei University of Technology, Tianjin 300401, China",,China,,,
,Imran Ashraf f,Male,"Information and Communication Engineering, Yeungnam University, Gyeongsan 38541, Republic of Korea",,South Korea,,,
CharM â€” Evaluating a model for characterizing service-based architectures,Thatiane de Oliveira Rosa,Female,"Mathematics and Statistics Institute of the University of SÃ£o Paulo - IME-USP, Federal Institute of Tocantins",TRUE,Brazil,0,0,1
,Eduardo Martins Guerra,Male,Computer Science Faculty of the Free University of Bozen-Bolzano,,Italy,,,
,Filipe Figueiredo Correia,Male,"Faculty of Engineering of the University of Porto, INESCTEC",,Portugal,,,
,Alfredo Goldman,Male,Mathematics and Statistics Institute of the University of SÃ£o Paulo - IME-USP,,Brazil,,,
Human factors in developing automated vehicles: A requirements engineering perspective,Amna Pir Muhammad,Female,"Department of Computer Science and Engineering, Chalmers University of Gothenburg",TRUE,Sweden,0,1,0
,Eric Knauss,Male,"Department of Computer Science and Engineering, Chalmers University of Gothenburg",,Sweden,,,
,Jonas BÃ¤rgman,Male,"Department of Mechanics and Maritime Sciences, Chalmers Technical University",,Sweden,,,
An effective fault localization approach based on PageRank and mutation analysis,Yue Yan,Female,"Engineering Research Center of Mine Digitalization (China University of Mining and Technology), School of Computer Science and Technology",TRUE,China,1,0,0
,Shujuan Jiang,Female,"Engineering Research Center of Mine Digitalization (China University of Mining and Technology), School of Computer Science and Technology",,China,,,
,Yanmei Zhang,Female,"Engineering Research Center of Mine Digitalization (China University of Mining and Technology), School of Computer Science and Technology",,China,,,
,Cheng Zhang,Male,"Engineering Research Center of Mine Digitalization (China University of Mining and Technology), School of Computer Science and Technology",,China,,,
An empirical study on real bug fixes from solidity smart contract projects,Yilin Wang,Female,"School of Computer Science and Engineering, Sun Yat-sen University, Guangzhou, China",TRUE,China,0,0,1
,Xiangping Chen,Male,"School of Journalism and Communication, Sun Yat-sen University, Guangzhou, China",,China,,,
,Yuan Huang,Male,"School of Software Engineering, Sun Yat-sen University, Zhuhai, China",,China,,,
,Hao-Nan Zhu,Male,"Department of Computer Science, University of California, Davis, United States of America",,United States of America,,,
,Jing Bian,Female,"School of Computer Science and Engineering, Sun Yat-sen University, Guangzhou, China",,China,,,
,Zibin Zheng,Male,"School of Software Engineering, Sun Yat-sen University, Zhuhai, China",,China,,,
A catalogue of game-specific anti-patterns based on GitHub and Game Development Stack Exchange,Vartika Agrahari,Female,Indian Institute of Technology Tirupati,TRUE,India,1,0,0
,Shriram Shanbhag,Male,Indian Institute of Technology Tirupati,,India,,,
,Sridhar Chimalakonda,Male,Indian Institute of Technology Tirupati,,India,,,
,A. Eashaan Rao,Male,Indian Institute of Technology Tirupati,,India,,,
On the roles of software testers: An exploratory study,Raluca Florea,Female,University of Oslo,TRUE,Norway,1,0,0
,Viktoria Stray,Female,University of Oslo,,Norway,,,
,Dag I.K. SjÃ¸berg,Male,University of Oslo,,Norway,,,
BPEL process defects prediction using multi-objective evolutionary search,Marwa Daaji,Female,"Faculty of Sciences, University of Tunis El Manar, Tunisia, ETS Montreal, University of Quebec, Montreal, QC, Canada",TRUE,"Tunisia, Canada",0,0,1
,Mohamed Mohsen Gammoudi,Male,"Higher Institute of Multimedia Art, University of Manouba, Tunisia",,Tunisia,,,
,Salah Bouktif,Male,"Department of Computer Science and Software Engineering, CIT, UAE University, United Arab Emirates",,UAE,,,
,Mohamed Wiem Mkaouer,Male,"Rochester Institute of Technology, Rochester, NY, USA",,USA,,,
CausalRCA: Causal inference based precise fine-grained root cause localization for microservice applications,Ruyue Xin a,Female,"Multiscale Networked Systems (MNS), University of Amsterdam, Amsterdam, The Netherlands",TRUE,The Netherlands,0,0,1
,Peng Chen b,Male,"School of Computer and Software Engineering, Xihua University, Chengdu, China",,China,,,
,Zhiming Zhao a,Male,"Multiscale Networked Systems (MNS), University of Amsterdam, Amsterdam, The Netherlands",,The Netherlands,,,
A decade of code comment quality assessment: A systematic literature review,Pooja Rani,Female,"Software Composition Group, University of Bern, Bern, Switzerland",TRUE,Switzerland,0,0,1
,Arianna Blasi,Female,"UniversitÃ della Svizzera italiana, Lugano, Switzerland",,Switzerland,,,
,Nataliia Stulova,Female,"Software Composition Group, University of Bern, Bern, Switzerland",,Switzerland,,,
,Sebastiano Panichella,Male,"Zurich University of Applied Science, Zurich, Switzerland",,Switzerland,,,
,Alessandra Gorla,Female,"IMDEA Software Institute, Madrid, Spain",,Spain,,,
,Oscar Nierstrasz,Male,"Software Composition Group, University of Bern, Bern, Switzerland",,Switzerland,,,
A first look at bug report templates on GitHub,Hongyan Li,Female,"School of Big Data and Software Engineering, Chongqing University, Chongqing, China",TRUE,China,1,0,0
,Meng Yan,Female,"School of Big Data and Software Engineering, Chongqing University, Chongqing, China",,China,,,
,Weifeng Sun,Male,"School of Big Data and Software Engineering, Chongqing University, Chongqing, China",,China,,,
,Xiao Liu,Male,"School of Big Data and Software Engineering, Chongqing University, Chongqing, China",,China,,,
,Yunsong Wu,Male,"School of Big Data and Software Engineering, Chongqing University, Chongqing, China",,China,,,
GitHub Copilot AI pair programmer: Asset or Liability?,Arghavan Moradi Dakhel,Female,"Polytechnique Montreal, Montreal, Canada",FALSE,Canada,0,1,0
,Vahid Majdinasab,Male,"Polytechnique Montreal, Montreal, Canada",,Canada,,,
,Amin Nikanjam,Male,"Polytechnique Montreal, Montreal, Canada",,Canada,,,
,Foutse Khomh,Male,"Polytechnique Montreal, Montreal, Canada",,Canada,,,
,Michel C. Desmarais,Male,"Polytechnique Montreal, Montreal, Canada",,Canada,,,
,Zhen Ming (Jack) Jiang,Male,"York University, Toronto, Canada",,Canada,,,
Optimal dynamic partial order reduction with context-sensitive independence and observers,Elvira Albert,Female,"Universidad Complutense de Madrid, Spain",TRUE,Spain,0,0,1
,Maria Garcia de la Banda,Female,"Faculty of IT, Monash University, Australia",,Australia,,,
,Miguel GÃ³mez-Zamalloa,Male,"Universidad Complutense de Madrid, Spain",,Spain,,,
,Miguel Isabel,Male,"Universidad Complutense de Madrid, Spain",,Spain,,,
,Peter Stuckey,Male,"Faculty of IT, Monash University, Australia",,Australia,,,
An evidence-based roadmap for IoT software systems engineering,Rebeca C. Motta,Female,"PESC/COPPE, Universidade Federal do Rio de Janeiro, Brazil",FALSE,Brazil,0,0,1
,KÃ¡thia M. de Oliveira,Female,"University Polytechnique Hauts-de-France, LAMIH, CNRS, UMR 8201, France",,France,,,
,Guilherme H. Travassos,Male,"PESC/COPPE, Universidade Federal do Rio de Janeiro, Brazil",,Brazil,,,
A symbolic algorithm for the case-split rule in solving word constraints with extensions,Yu-Fang Chen,Female,"Institute of Information Science, Academia Sinica",TRUE,Taiwan,0,0,1
,VojtÄ›ch Havlena,Male,"Faculty of Information Technology, Brno University of Technology",,Czech Republic,,,
,OndÅ™ej LengÃ¡l,Male,"Faculty of Information Technology, Brno University of Technology",,Czech Republic,,,
,Andrea Turrini,Female,"State Key Laboratory of Computer Science, Institute of Software, Chinese Academy of Sciences, Institute of Intelligent Software, 221, Nansha Street West, 511458, Guangzhou, China",,China,,,
Automatic modelling and verification of Autosar architectures,Miaomiao Zhang,Female,"School of Software Engineering, Tongji University",FALSE,China,0,0,1
,Yu Teng,Male,"School of Software Engineering, Tongji University",,China,,,
,Hui Kong,Male,Huawei Corporation,,China,,,
,John Baugh,Male,"Department of Civil, Construction, and Environmental Engineering, North Carolina State University",,USA,,,
,Yu Su,Male,"School of Software Engineering, Tongji University",,China,,,
,Junri Mi,Male,Alibaba Corporation,,China,,,
,Bowen Du,Male,"School of Software Engineering, Tongji University",,China,,,
MSTIL: Multi-cue Shape-aware Transferable Imbalance Learning for effective graphic API recommendation,Rong Qin,Female,"School of Big Data & Software Engineering, Chongqing University, Chongqing, China",TRUE,China,0,0,1
,Zeyu Wang,Male,"School of Big Data & Software Engineering, Chongqing University, Chongqing, China",,China,,,
,Sheng Huang,Male,"School of Big Data & Software Engineering, Chongqing University, Chongqing, China",,China,,,
,Luwen Huangfu,Female,"Fowler College of Business, San Diego State University, San Diego, CA, USA",,USA,,,
Decentralized decision-making and scaled autonomy at Spotify,Darja Å mite,Female,"Blekinge Institute of Technology, Karlskrona, Sweden",FALSE,Sweden,0,0,1
,Nils Brede Moe,Male,"SINTEF, Trondheim, Norway",,Norway,,,
,Marcin Floryan,Male,"Spotify, Stockholm, Sweden",,Sweden,,,
,Javier Gonzalez-Huerta,Male,"Blekinge Institute of Technology, Karlskrona, Sweden",,Sweden,,,
,Michael Dorner,Male,"Blekinge Institute of Technology, Karlskrona, Sweden",,Sweden,,,
,Aivars Sablis,Male,"SAF Tehnika JSC, Riga, Latvia",,Latvia,,,
"A literature review of IoT and CPSâ€”What they are, and what they are not",Veronika Lesch,Female,"Department of Computer Science, University of WÃ¼rzburg, Germany",TRUE,Germany,0,1,0
,Marwin ZÃ¼fle,Male,"Department of Computer Science, University of WÃ¼rzburg, Germany",,Germany,,,
,AndrÃ© Bauer,Male,"Department of Computer Science, University of WÃ¼rzburg, Germany",,Germany,,,
,Lukas IfflÃ¤nder,Male,"Department of Computer Science, University of WÃ¼rzburg, Germany",,Germany,,,
,Christian Krupitzer,Male,"Department of Food Informatics, University of Hohenheim, Germany",,Germany,,,
,Samuel Kounev,Male,"Department of Computer Science, University of WÃ¼rzburg, Germany",,Germany,,,
Investigating end-usersâ€™ values in agriculture mobile applications development: An empirical study on Bangladeshi female farmers,Rifat Ara Shams,Female,"Department of Software Systems and Cybersecurity, Monash University, Clayton, Australia",FALSE,Australia,0,1,0
,Mojtaba Shahin,Male,"School of Computing Technologies, RMIT University, Melbourne, Australia",,Australia,,,
,Gillian Oliver,Female,"Department of Software Systems and Cybersecurity, Monash University, Clayton, Australia",,Australia,,,
,Harsha Perera,Male,"CSIROâ€™s Data61, Clayton, Australia",,Australia,,,
,Jon Whittle,Male,"CSIROâ€™s Data61, Clayton, Australia",,Australia,,,
,Arif Nurwidyantoro,Male,"Department of Software Systems and Cybersecurity, Monash University, Clayton, Australia",,Australia,,,
,Waqar Hussain,Male,"CSIROâ€™s Data61, Clayton, Australia",,Australia,,,
Can gamification help in software testing education? Findings from an empirical study,Raquel Blanco,Female,"Software Engineering Research Group, University of Oviedo, GijÃ³n, Spain",TRUE,Spain,0,1,0
,Manuel Trinidad,Male,"Software Process Improvement and Formal Methods Research Group, University of Cadiz, CÃ¡diz, Spain",,Spain,,,
,MarÃ­a JosÃ© SuÃ¡rez-Cabal,Female,"Software Engineering Research Group, University of Oviedo, GijÃ³n, Spain",,Spain,,,
,Alejandro CalderÃ³n,Male,"Software Process Improvement and Formal Methods Research Group, University of Cadiz, CÃ¡diz, Spain",,Spain,,,
,Mercedes Ruiz,Female,"Software Process Improvement and Formal Methods Research Group, University of Cadiz, CÃ¡diz, Spain",,Spain,,,
,Javier Tuya,Male,"Software Engineering Research Group, University of Oviedo, GijÃ³n, Spain",,Spain,,,
Towards a cognitive engineering of transactional services in IoT based systems,Widad Ettazi,Female,"IMS Team, ADMIR Laboratory, ENSIAS, Mohammed V University in Rabat, Morocco",TRUE,Morocco,1,0,0
,Mahmoud Nassar,Male,"IMS Team, ADMIR Laboratory, ENSIAS, Mohammed V University in Rabat, Morocco",,Morocco,,,
Trustworthiness models to categorize and prioritize code for security improvement,Nadia Medeiros,Female,"CISUC, Department of Informatics Engineering, University of Coimbra",TRUE,Portugal,0,1,0
,Naghmeh Ivaki,Female,"CISUC, Department of Informatics Engineering, University of Coimbra",,Portugal,,,
,Pedro Costa,Male,"CISUC, Department of Informatics Engineering, University of Coimbra, ISCAC, Polytechnic Institute of Coimbra, Portugal",,Portugal,,,
,Marco Vieira,Male,"CISUC, Department of Informatics Engineering, University of Coimbra",,Portugal,,,
Web API evolution patterns: A usage-driven approach,Rediana KoÃ§i,Female,"Universitat PolitÃ¨cnica de Catalunya, BarcelonaTech, Barcelona, Spain",TRUE,Spain,1,0,0
,Xavier Franch,Male,"Universitat PolitÃ¨cnica de Catalunya, BarcelonaTech, Barcelona, Spain",,Spain,,,
,Petar Jovanovic,Male,"Universitat PolitÃ¨cnica de Catalunya, BarcelonaTech, Barcelona, Spain",,Spain,,,
,Alberto AbellÃ³,Male,"Universitat PolitÃ¨cnica de Catalunya, BarcelonaTech, Barcelona, Spain",,Spain,,,
The pipeline for the continuous development of artificial intelligence modelsâ€”Current state of research and practice,Monika Steidl,Female,University of Innsbruck,FALSE,Austria,0,0,1
,Rudolf Ramler,Male,Software Competence Center Hagenberg GmbH,,Austria,,,
,Michael Felderer,Male,"University of Innsbruck, Blekinge Institute of Technology",,"Austria, Sweden",,,
The uphill journey of FaaS in the open-source community,Nafise Eskandani,Female,Technische UniversitÃ¤t Darmstadt,TRUE,Germany,0,0,1
,Guido Salvaneschi,Male,University of St.Gallen,,Switzerland,,,
Colla-Config: A stakeholders preferences-based approach for product lines collaborative configuration,Sihem Ben Sassi,Female,"RIADI Lab., National School of Computer Sciences, Manouba University, CBA, University of Taibah, Al-Madinah, Kingdom of Saudi Arabia",TRUE,"Tunisia, Saudia Arabia",0,0,1
,Sabrine Edded,Female,"Centre de Recherche Informatique (CRI), UniversitÃ© Paris 1 PanthÃ©on-Sorbonne, RIADI Lab., National School of Computer Sciences, Manouba University, Tunisia",,"France, Tunisia",,,
,RaÃºl Mazo,Male,"CBA, University of Taibah",,Saudi Arabia,,,
,Henda Ben Ghezala,Female,"RIADI Lab., National School of Computer Sciences, Manouba University",,Tunisia,,,
,Camille Salinesi,Female,"Centre de Recherche Informatique (CRI), UniversitÃ© Paris 1 PanthÃ©on-Sorbonne",,France,,,
A systematic literature review on blockchain governance,Yue Liu,Female,"Data61, CSIRO, Sydney, University of New South Wales, Sydney, Australia",FALSE,Australia,0,1,0
,Qinghua Lu,Male,"Data61, CSIRO, Sydney, University of New South Wales, Sydney, Australia",,Australia,,,
,Liming Zhu,Male,"Data61, CSIRO, Sydney, University of New South Wales, Sydney, Australia",,Australia,,,
,Hye-Young Paik,Female,"University of New South Wales, Sydney",,Australia,,,
,Mark Staples,Male,"Data61, CSIRO, Sydney",,Australia,,,
Towards automated Android app internationalisation: An exploratory study,Pei Liu,Female,"Monash University, Victoria, Australia",FALSE,Australia,0,0,1
,Qingxin Xia,Male,"North China Institute of Science and Technology, Hebei, China",,China,,,
,Kui Liu,Male,"Huawei Software Engineering Application Technology Lab, Hangzhou, China",,China,,,
,Juncai Guo,Male,"Wuhan University, Wuhan, China",,China,,,
,Xin Wang,Male,"Wuhan University, Wuhan, China",,China,,,
,Jin Liu,Male,"Wuhan University, Wuhan, China",,China,,,
,John Grundy,Male,"Monash University, Victoria, Australia",,Australia,,,
,Li Li,Female,"Beihang University, Beijing, China",,China,,,
The role of knowledge-based resources in Agile Software Development contexts,Raquel Ouriques,Female,"Department of Software Engineering, Blekinge Institute of Technology, Karskrona, Sweden",TRUE,Sweden,0,1,0
,Krzysztof Wnuk,Male,"Department of Software Engineering, Blekinge Institute of Technology, Karskrona, Sweden",,Sweden,,,
,Tony Gorschek,Male,"Department of Software Engineering, Blekinge Institute of Technology, Karskrona, Sweden",,Sweden,,,
,Richard Berntsson Svensson,Male,"Department of Computer Science and Engineering at Chalmers â€” University of Gothenburg, Sweden",,Sweden,,,
Efficient transformer with code token learner for code clone detection,Aiping Zhang,Female,"Nanjing University of Aeronautics and Astronautics, Nanjing, PR China",TRUE,China,0,1,0
,Liming Fang,Male,"Nanjing University of Aeronautics and Astronautics, Nanjing, PR China, Nanjing University of Aeronautics and Astronautics, Shenzhen Research Institute, Shenzhen, Guangdong, PR China",,China,,,
,Chunpeng Ge,Male,"Nanjing University of Aeronautics and Astronautics, Nanjing, PR China",,China,,,
,Piji Li,Male,"Nanjing University of Aeronautics and Astronautics, Nanjing, PR China",,China,,,
,Zhe Liu,Male,"Nanjing University of Aeronautics and Astronautics, Nanjing, PR China",,China,,,
Explaining quality attribute tradeoffs in automated planning for self-adaptive systems,Rebekka Wohlrab,Female,"Department of Computer Science and Engineering, Chalmers | University of Gothenburg, Gothenburg, Sweden, Software and Societal Systems Department, Carnegie Mellon University, Pittsburgh, USA",TRUE,"Swedan, USA",0,0,1
,Javier CÃ¡mara,Male,"ITIS Software, University of MÃ¡laga, MÃ¡laga, Spain",,Spain,,,
,David Garlan,Male,"Software and Societal Systems Department, Carnegie Mellon University, Pittsburgh, USA",,USA,,,
,Bradley Schmerl,Male,"Software and Societal Systems Department, Carnegie Mellon University, Pittsburgh, USA",,USA,,,
The perspective of Brazilian software developers on data privacy,Mariana Peixoto,Female,"Centro de InformÃ¡tica, Universidade Federal de Pernambuco (UFPE), Recife, Brazil",FALSE,Brazil,0,0,1
,Dayse Ferreira,Female,"Centro de InformÃ¡tica, Universidade Federal de Pernambuco (UFPE), Recife, Brazil",,Brazil,,,
,Mateus Cavalcanti,Male,"Centro de InformÃ¡tica, Universidade Federal de Pernambuco (UFPE), Recife, Brazil",,Brazil,,,
,Carla Silva,Female,"Centro de InformÃ¡tica, Universidade Federal de Pernambuco (UFPE), Recife, Brazil",,Brazil,,,
,JÃ©ssyka Vilela,Female,"Centro de InformÃ¡tica, Universidade Federal de Pernambuco (UFPE), Recife, Brazil",,Brazil,,,
,JoÃ£o AraÃºjo,Male,"NOVA LINCS, Departamento de InformÃ¡tica, Faculdade de CiÃªncias e Tecnologia, Universidade NOVA de Lisboa (UNL)",,Portugal,,,
,Tony Gorschek,Male,"Software Engineering Research Lab (SERL), Software Engineering Department, Blekinge Institute of Technology (BTH)",,Sweden,,,
Applying Inter-Rater Reliability and Agreement in collaborative Grounded Theory studies in software engineering,Jessica DÃ­az,Female,"Universidad PolitÃ©cnica de Madrid, Departamento de Sistemas InformÃ¡ticos, ETSI Sistemas InformÃ¡ticos, Madrid, Spain",TRUE,Spain,0,1,0
,Jorge PÃ©rez,Male,"Universidad PolitÃ©cnica de Madrid, Departamento de Sistemas InformÃ¡ticos, ETSI Sistemas InformÃ¡ticos, Madrid, Spain",,Spain,,,
,Carolina Gallardo,Female,"Universidad PolitÃ©cnica de Madrid, Departamento de Sistemas InformÃ¡ticos, ETSI Sistemas InformÃ¡ticos, Madrid, Spain",,Spain,,,
,Ãngel GonzÃ¡lez-Prieto,Male,"Universidad Complutense de Madrid, Departamento de Ãlgebra, GeometrÃ­a y TopologÃ­a, Facultad de Ciencias MatemÃ¡ticas, Madrid, Spain, Instituto de Ciencias MatemÃ¡ticas (CSIC-UAM-UCM-UC3M), C/ NicolÃ¡s Cabrera 13-15, 28049 Madrid, Spain",,Spain,,,
From forced Working-From-Home to voluntary working-from-anywhere: Two revolutions in telework,Darja Å mite,Female,"Blekinge Institute of Technology, Karlskrona, Sweden",FALSE,Sweden,0,0,1
,Nils Brede Moe,Male,"SINTEF, Trondheim, Norway",,Norway,,,
,Eriks Klotins,Male,"Blekinge Institute of Technology, Karlskrona, Sweden",,Sweden,,,
,Javier Gonzalez-Huerta,Male,"Blekinge Institute of Technology, Karlskrona, Sweden",,Sweden,,,
A data-driven active learning approach to reusing ML solutions in scientific applications,Hamideh Hajiabadi,Female,Karlsruhe Institute of Technology,TRUE,Germany,1,0,0
,Christopher Gerking,Male,Karlsruhe Institute of Technology,,Germany,,,
,Lennart Hilbert,Male,Karlsruhe Institute of Technology,,Germany,,,
,Anne Koziolek,Female,Karlsruhe Institute of Technology,,Germany,,,
A fuzzy logic-based quality model for identifying microservices with low maintainability,Rahime YÄ±lmaz,Female,"Computer Engineering Department, Istanbul Technical University, AltÄ±nbaÅŸ University",TRUE,Turkey,0,0,1
,Feza Buzluca,Male,"Computer Engineering Department, Istanbul Technical University",,Turkey,,,
A language-parametric test coverage framework for executable domain-specific languages,Faezeh Khorram,Female,"CNRS, University of Rennes",TRUE,France,0,0,1
,Erwan Bousse,Male,"IMT Atlantique, Nantes UniversitÃ©, Ã‰cole Centrale Nantes",,France,,,
,Antonio Garmendia,Male,"Departamento de IngenierÃ­a InformÃ¡tica, Universidad AutÃ³noma de Madrid",,Spain,,,
,Jean-Marie Mottu,Male,"IMT Atlantique, Nantes UniversitÃ©, Ã‰cole Centrale Nantes",,France,,,
,Gerson SunyÃ©,Male,"IMT Atlantique, Nantes UniversitÃ©, Ã‰cole Centrale Nantes",,France,,,
,Manuel Wimmer,Male,"CDL-MINT, Institute of Business Informatics - Software Engineering, Johannes Kepler University Linz, Austria",,Austria,,,
An architecture for model-based and intelligent automation in DevOps,Romina Eramo,Female,"Department of Communication Science, University of Teramo",FALSE,Italy,0,0,1
,Bilal Said,Male,"Softeam Software BU, Docaposte",,France,,,
,Marc Oriol,Male,Universitat PolitÃ¨cnica de Catalunya,,Spain,,,
,Hugo Bruneliere,Male,"IMT Atlantique, LS2N (UMR CNRS 6004)",,France,,,
,Sergio Morales,Male,Universitat Oberta de Catalunya,,Spain,,,
Applying short text topic models to instant messaging communication of software developers,Camila Costa Silva,Female,"University of Canterbury, Christchurch",TRUE,New Zealand,1,0,0
,Matthias Galster,Male,"University of Canterbury, Christchurch",,New Zealand,,,
,Fabian Gilson,Male,"University of Canterbury, Christchurch",,New Zealand,,,
Architectural support for software performance in continuous software engineering: A systematic mapping study,Romina Eramo,Female,University of Teramo,TRUE,Italy,0,0,1
,Michele Tucci,Male,University of Lâ€™Aquila,,Italy,,,
,Daniele Di Pompeo,Male,University of Lâ€™Aquila,,Italy,,,
,Vittorio Cortellessa,Male,University of Lâ€™Aquila,,Italy,,,
,Antinisca Di Marco,Female,University of Lâ€™Aquila,,Italy,,,
,Davide Taibi,Male,"University of Oulu, Tampere University",,"Finland, Finland",,,
Assessing gender bias in the software used in computer science and software engineering education,Lyndsey Oâ€™Brien,Female,"HumaniSE Lab, Faculty of Information Technology, Monash University",TRUE,Australia,1,0,0
,Tanjila Kanij,Female,"HumaniSE Lab, Faculty of Information Technology, Monash University",,Australia,,,
,John Grundy,Male,"HumaniSE Lab, Faculty of Information Technology, Monash University",,Australia,,,
A study on classifying Stack Overflow questions based on difficulty by utilizing contextual features,Maliha Noushin Raida,Female,"Software Engineering Lab (SELab), Islamic University of Technology (IUT), Department of Computer Science and Engineering, University of Technology (IUT), Gazipur, Bangladesh",TRUE,Bangladesh,1,0,0
,Zannatun Naim Sristy,Female,"Software Engineering Lab (SELab), Islamic University of Technology (IUT), Department of Computer Science and Engineering, University of Technology (IUT), Gazipur, Bangladesh",,Bangladesh,,,
,Nawshin Ulfat,Female,"Software Engineering Lab (SELab), Islamic University of Technology (IUT), Department of Computer Science and Engineering, University of Technology (IUT), Gazipur, Bangladesh",,Bangladesh,,,
,Sheikh Moonwara Anjum Monisha,Female,"Software Engineering Lab (SELab), Islamic University of Technology (IUT), Department of Computer Science and Engineering, University of Technology (IUT), Gazipur, Bangladesh",,Bangladesh,,,
,Md. Jubair Ibna Mostafa,Male,"Software Engineering Lab (SELab), Islamic University of Technology (IUT), Department of Computer Science and Engineering, University of Technology (IUT), Gazipur, Bangladesh",,Bangladesh,,,
,Md. Nazmul Haque,Male,"Software Engineering Lab (SELab), Islamic University of Technology (IUT), Department of Computer Science and Engineering, University of Technology (IUT), Gazipur, Bangladesh",,Bangladesh,,,
Automated program repair for variability bugs in software product line systems,Thu-Trang Nguyen,Female,"Faculty of Information Technology, VNU University of Engineering and Technology",TRUE,Viet Nam,0,0,1
,Xiao-Yi Zhang,Male,University of Science and Technology Beijing,,China,,,
,Paolo Arcaini,Male,National Institute of Informatics,,Japan,,,
,Fuyuki Ishikawa,Male,National Institute of Informatics,,Japan,,,
,Hieu Dinh Vo,Male,"Faculty of Information Technology, VNU University of Engineering and Technology",,Viet Nam,,,
Delivering computing module for the large part-time software development class from pre- to post-pandemic: An online learning experience,Olga Pishchukhina,Female,Queenâ€™s University Belfast,TRUE,UK,0,0,1
,Daria Gordieieva,Female,"Queenâ€™s University Belfast, Lutsk National Technical University",,"UK, Ukraine",,,
,Austen Rainer,Male,Queenâ€™s University Belfast,,UK,,,
Emerging technologies in higher education assessment and feedback practices: A systematic literature review,Ruchi Sembey,Female,"Department of Software Systems and Cybersecurity, Faculty of Information Technology, Monash University",TRUE,Australia,1,0,0
,Rashina Hoda,Female,"Department of Software Systems and Cybersecurity, Faculty of Information Technology, Monash University",,Australia,,,
,John Grundy,Male,"Department of Software Systems and Cybersecurity, Faculty of Information Technology, Monash University",,Australia,,,
End-to-end log statement generation at block-level,Ying Fu,Female,"School of Big Data and Software Engineering, Chongqing University, Chongqing, China",TRUE,China,0,1,0
,Meng Yan,Male,"School of Big Data and Software Engineering, Chongqing University, Chongqing, China",,China,,,
,Pinjia He,Male,"School of Data Science, The Chinese University of Hong Kong, Shenzhen (CUHK-Shenzhen), China",,China,,,
,Chao Liu,Male,"School of Big Data and Software Engineering, Chongqing University, Chongqing, China",,China,,,
,Xiaohong Zhang,Female,"School of Big Data and Software Engineering, Chongqing University, Chongqing, China",,China,,,
,Dan Yang,Female,"Southwest Jiaotong University, Chengdu, China",,China,,,
Enhancing understanding and addressing gender bias in IT/SE job advertisements,Tanjila Kanij,Female,"HumaniSE Lab, Faculty of Information Technology, Monash University",TRUE,Australia,0,1,0
,John Grundy,Male,"HumaniSE Lab, Faculty of Information Technology, Monash University",,Australia,,,
,Jennifer McIntosh,Female,"HumaniSE Lab, Monash University, Melbourne School of Population and Global Health, Melbourne University",,Australia,,,
Exploring the trade-off between computational power and energy efficiency,Elena Desdentado,Female,"Institute of Technology and Information Systems, University of Castilla-La Mancha",TRUE,Spain,0,0,1
,Coral Calero,Female,"Institute of Technology and Information Systems, University of Castilla-La Mancha; Green Quantum Algorithms & Software Research",,Spain,,,
,Ma Ãngeles Moraga,Female,"Institute of Technology and Information Systems, University of Castilla-La Mancha; Green Quantum Algorithms & Software Research",,Spain,,,
,Manuel Serrano,Male,"Institute of Technology and Information Systems, University of Castilla-La Mancha; Green Quantum Algorithms & Software Research",,Spain,,,
,FÃ©lix GarcÃ­a,Male,"Institute of Technology and Information Systems, University of Castilla-La Mancha; Green Quantum Algorithms & Software Research",,Spain,,,
GDPR compliance via software evolution: Weaving security controls in software design,Vanessa Ayala-Rivera,Female,"Technological University Dublin (TU Dublin), National College of Ireland (NCI)",TRUE,Ireland,0,0,1
,A. Omar Portillo-Dominguez,Male,Technological University Dublin (TU Dublin),,Ireland,,,
,Liliana Pasquale,Female,"University College Dublin (UCD), SFI Research Centre for Software (Lero)",,Ireland,,,
GPTSniffer: A CodeBERT-based classifier to detect source code written by ChatGPT,Phuong T. Nguyen,Female,UniversitÃ degli studi dellâ€™Aquila,TRUE,Italy,0,0,1
,Juri Di Rocco,Male,UniversitÃ degli studi dellâ€™Aquila,,Italy,,,
,Claudio Di Sipio,Male,UniversitÃ degli studi dellâ€™Aquila,,Italy,,,
,Riccardo Rubei,Male,UniversitÃ degli studi dellâ€™Aquila,,Italy,,,
,Davide Di Ruscio,Male,UniversitÃ degli studi dellâ€™Aquila,,Italy,,,
,Massimiliano Di Penta,Male,UniversitÃ degli studi del Sannio,,Italy,,,
Harmonizing DevOps taxonomies â€” A grounded theory study,Jessica DÃ­az,Female,"ETSI Sistemas InformÃ¡ticos, Universidad PolitÃ©cnica de Madrid",TRUE,Spain,0,0,1
,Jorge PÃ©rez,Male,"ETSI Sistemas InformÃ¡ticos, Universidad PolitÃ©cnica de Madrid",,Spain,,,
,Isaque Alves,Male,"Department of Computer Science, University of SÃ£o Paulo",,Brazil,,,
,Fabio Kon,Male,"Department of Computer Science, University of SÃ£o Paulo",,Brazil,,,
,Leonardo Leite,Male,"Department of Computer Science, University of SÃ£o Paulo",,Brazil,,,
,Paulo Meirelles,Male,"Department of Computer Science, University of SÃ£o Paulo",,Brazil,,,
,Carla Rocha,Female,"Faculty of Gama, University of Brasilia",,Brazil,,,
Hybrid quantum architecture for smart city security,Vita Santa Barletta,Female,University of Bari Aldo Moro,TRUE,Italy,0,0,1
,Danilo Caivano,Male,University of Bari Aldo Moro,,Italy,,,
,Mirko De Vincentiis,Male,University of Bari Aldo Moro,,Italy,,,
,Anibrata Pal,Male,University of Bari Aldo Moro,,Italy,,,
,Michele Scalera,Male,University of Bari Aldo Moro,,Italy,,,
Incivility detection in open source code review and issue discussions,Isabella Ferreira,Female,"Department of Computer and Software Engineering, Polytechnique MontrÃ©al, MontrÃ©al, Quebec, Canada",FALSE,Canada,0,0,1
,Ahlaam Rafiq,Female,"Department of Physics, Indian Institute of Technology, Guwahati, Assam, India",,India,,,
,Jinghui Cheng,Male,"Department of Computer and Software Engineering, Polytechnique MontrÃ©al, MontrÃ©al, Quebec, Canada",,Canada,,,
Iterative framework based on multi-task learning for service recommendation,Ting Yu,Female,"School of Computer Science and Technology, Hangzhou Dianzi University, Jiaxing Nanhu University",TRUE,China,0,0,1
,Dongjin Yu,Male,"School of Computer Science and Technology, Hangzhou Dianzi University",,China,,,
,Dongjing Wang,Female,"School of Computer Science and Technology, Hangzhou Dianzi University",,China,,,
,Quanxin Yang,Male,"School of Computer Science and Technology, Hangzhou Dianzi University",,China,,,
,Xueyou Hu,Male,"School of Computer Science and Technology, Hangzhou Dianzi University",,China,,,
Monitoring tools for DevOps and microservices: A systematic grey literature review,L. Giamattei,Female,"University of Naples Federico II, Italy",FALSE,Italy,0,0,1
,A. Guerriero,Male,"University of Naples Federico II, Italy",,Italy,,,
,R. Pietrantuono,Male,"University of Naples Federico II, Italy",,Italy,,,
,S. Russo,Male,"University of Naples Federico II, Italy",,Italy,,,
,I. Malavolta,Male,"Vrije Universiteit Amsterdam, The Netherlands",,The Netherlands,,,
,T. Islam,Male,"Vrije Universiteit Amsterdam, The Netherlands",,The Netherlands,,,
,M. DÃ®nga,Male,"Vrije Universiteit Amsterdam, The Netherlands",,The Netherlands,,,
,A. Koziolek,Male,"Karlsruhe Institute of Technology, Germany",,Germany,,,
,S. Singh,Male,"Karlsruhe Institute of Technology, Germany",,Germany,,,
,M. Armbruster,Male,"Karlsruhe Institute of Technology, Germany",,Germany,,,
,J.M. Gutierrez-Martinez,Male,"University of AlcalÃ¡, AlcalÃ¡ de Henares, Madrid, Spain",,Spain,,,
,S. Caro-Alvaro,Male,"University of AlcalÃ¡, AlcalÃ¡ de Henares, Madrid, Spain",,Spain,,,
,D. Rodriguez,Male,"University of AlcalÃ¡, AlcalÃ¡ de Henares, Madrid, Spain",,Spain,,,
,S. Weber,Male,"FZI Research Center for Information Technology, Germany",,Germany,,,
,J. Henss,Male,"FZI Research Center for Information Technology, Germany",,Germany,,,
,E. Fernandez Vogelin,Female,"Panel Sistemas Informaticos, Madrid, Spain",,Spain,,,
,F. Simon Panojo,Male,"Panel Sistemas Informaticos, Madrid, Spain",,Spain,,,
Multi-granularity coverage criteria for deep reinforcement learning systems,Ying Shi,Female,"School of Automation Science and Electrical Engineering, Beihang University (BUAA)",TRUE,China,1,0,0
,Beibei Yin,Female,"School of Automation Science and Electrical Engineering, Beihang University (BUAA)",,China,,,
,Zheng Zheng,Male,"School of Automation Science and Electrical Engineering, Beihang University (BUAA)",,China,,,
Query-oriented two-stage attention-based model for code search,Huanhuan Yang,Female,"Key Laboratory of Dependable Service Computing in Cyber Physical Society (Chongqing University), Ministry of Education, China; School of Big Data and Software Engineering, Chongqing University, Chongqing, China",TRUE,China,0,0,1
,Ling Xu,Female,"Key Laboratory of Dependable Service Computing in Cyber Physical Society (Chongqing University), Ministry of Education, China; School of Big Data and Software Engineering, Chongqing University, Chongqing, China",,China,,,
,Chao Liu,Male,"Key Laboratory of Dependable Service Computing in Cyber Physical Society (Chongqing University), Ministry of Education, China; School of Big Data and Software Engineering, Chongqing University, Chongqing, China",,China,,,
,Luwen Huangfu,Male,"Fowler College of Business, San Diego State University, CA, 92182, USA; Center for Human Dynamics in the Mobile Age, San Diego State University, CA, 92182, USA",,USA,,,
Research artifacts for human-oriented experiments in software engineering: An ACM badges-driven structure proposal,Cathy Guevara-Vega,Female,"Universidad TÃ©cnica del Norte, Ibarra, Ecuador; Universidad de Sevilla, Seville, Spain",TRUE,"Ecuador, Spain",0,0,1
,Beatriz BernÃ¡rdez,Female,"Universidad de Sevilla, Seville, Spain; SCORE Lab, Universidad de Sevilla, Seville, Spain",,Spain,,,
,Margarita Cruz,Female,"Universidad de Sevilla, Seville, Spain",,Spain,,,
,Amador DurÃ¡n,Male,"Universidad de Sevilla, Seville, Spain; SCORE Lab, Universidad de Sevilla, Seville, Spain",,Spain,,,
,Antonio Ruiz-CortÃ©s,Male,"Universidad de Sevilla, Seville, Spain; SCORE Lab, Universidad de Sevilla, Seville, Spain",,Spain,,,
,Martin Solari,Male,"Universidad ORT Uruguay, Uruguay",,Uruguay,,,
RRGcode: Deep hierarchical search-based code generation,Qianwen Gou,Female,"School of Computer Science, Northwestern Polytechnical University, Xiâ€™an, 710129, China",TRUE,China,0,1,0
,Yunwei Dong,Male,"School of Software, Northwestern Polytechnical University, Xiâ€™an, 710129, China",,China,,,
,Yujiao Wu,Female,"School of Computer Science, Northwestern Polytechnical University, Xiâ€™an, 710129, China",,China,,,
,Qiao Ke,Male,"School of Mathematics and Statistics, Northwestern Polytechnical University, Xiâ€™an, 710129, China",,China,,,
Runtime verification on abstract finite state models,K.P. Jevitha,Female,"Department of Computer Science and Engineering, Amrita School of Computing, Coimbatore, Amrita Vishwa Vidyapeetham, India",TRUE,India,0,0,1
,Bharat Jayaraman,Male,"Department of Computer Science and Engineering, Amrita School of Computing, Coimbatore, Amrita Vishwa Vidyapeetham, India; Department of Computer Science and Engineering, State University of New York at Buffalo, Buffalo, NY, USA",,"India, USA",,,
,M. Sethumadhavan,Male,"TIFAC CORE in Cyber Security, Amrita School of Engineering, Coimbatore, Amrita Vishwa Vidyapeetham, India",,India,,,
ServiceAnomaly: An anomaly detection approach in microservices using distributed traces and profiling metrics,Mahsa Panahandeh,Female,University of Alberta,FALSE,Canada,0,1,0
,Abdelwahab Hamou-Lhadj,Male,Concordia University,,Canada,,,
,Mohammad Hamdaqa,Male,Polytechnique Montreal,,Canada,,,
,James Miller,Male,University of Alberta,,Canada,,,
"SynthoMinds: Bridging human programming intuition with retrieval, analogy, and reasoning in program synthesis",Qianwen Gou,Female,"School of Computer Science, Northwestern Polytechnical University",TRUE,China,0,1,0
,Yunwei Dong,Male,"School of Software, Northwestern Polytechnical University",,China,,,
,Qiao Ke,Male,"School of Mathematics and Statistics, Northwestern Polytechnical University",,China,,,
Test data generation for covering mutation-based path using MGA for MPI program,Xiangying Dang,Female,"School of Information Engineering, Xuzhou University of Technology, Xuzhou, China",TRUE,China,0,1,0
,Jinyong Wang,Male,"School of Information Engineering, Xuzhou University of Technology, Xuzhou, China",,China,,,
,Dunwei Gong,Male,"College of Automation and Electronic Engineering, Qingdao University of Science and Technology, Qingdao, China",,China,,,
,Xiangjuan Yao,Female,"School of Mathematics, China University of Mining and Technology, Xuzhou, China",,China,,,
,Changqing Wei,Male,"School of Mathematics, China University of Mining and Technology, Xuzhou, China",,China,,,
,Biao Xu,Male,"Department of Electronic Engineering, Shantou University, Shantou, China",,China,,,
The effects of required security on software development effort,Elaine Venson,Female,"Center for Systems and Software Engineering, University of Southern California, Los Angeles, CA, USA",FALSE,USA,0,1,0
,Bradford Clark,Male,"Software Metrics Inc., Haymarket, VA, USA",,USA,,,
,Barry Boehm,Male,"Center for Systems and Software Engineering, University of Southern California, Los Angeles, CA, USA",,USA,,,
The slow and the furious? Performance antipattern detection in Cyberâ€“Physical Systems,Imara van Dinten,Female,Delft University of Technology,FALSE,Netherlands,0,1,0
,Pouria Derakhshanfar,Male,JetBrains Research,,Netherlands,,,
,Annibale Panichella,Male,Delft University of Technology,,Netherlands,,,
,Andy Zaidman,Male,Delft University of Technology,,Netherlands,,,
Thriving in the era of hybrid work: Raising cybersecurity awareness using serious games in industry trainings,Tiange Zhao,Female,"Siemens AG, Otto-Hahn-Ring 6, 81739, MuÌˆnchen, Germany",FALSE,Germany,0,0,1
,Tiago Gasiba,Male,"Siemens AG, Otto-Hahn-Ring 6, 81739, MuÌˆnchen, Germany",,Germany,,,
,Ulrike Lechner,Female,"University of the Bundeswehr Munich, Werner-Heisenberg-Weg 39, 85579, Neubiberg, Germany",,Germany,,,
,Maria Pinto-Albuquerque,Female,"Instituto UniversitÃ¡rio de Lisboa (ISCTE-IUL), ISTAR, Av. das ForÃ§as Armadas, 1649â€“026 Lisboa, Portugal",,Portugal,,,
Towards a common data-driven culture: A longitudinal study of the tensions and emerging solutions involved in becoming data-driven in a large public sector organization,Astri Moksnes Barbala,Female,"SINTEF Digital, Trondheim 7034",FALSE,Norway,1,0,0
,Geir Kjetil Hanssen,Male,"SINTEF Digital, Trondheim 7034",,Norway,,,
,Tor Sporsem,Male,"SINTEF Digital, Trondheim 7034",,Norway,,,
Understanding participation and corporatization in service of diversity in free/libre and open source software development projects,Olivia B. Newton,Female,"a: Institute for Simulation and Training, University of Central Florida, Orlando, FL, USA",TRUE,USA,0,1,0
,Stephen M. Fiore,Male,"a: Institute for Simulation and Training, University of Central Florida, Orlando, FL, USA, b: Department of Philosophy, University of Central Florida, Orlando, FL, USA",,USA,,,
Unlocking inclusive education: A quality assessment of software design in applications for children with autism,Yussy Chinchay,Female,"Universidad AutÃ³noma de Madrid, Ciudad Universitaria de Cantoblanco, Madrid, Spain",TRUE,Spain,1,0,0
,Javier Gomez,Male,"Universidad AutÃ³noma de Madrid, Ciudad Universitaria de Cantoblanco, Madrid, Spain",,Spain,,,
,GermÃ¡n Montoro,Male,"Universidad AutÃ³noma de Madrid, Ciudad Universitaria de Cantoblanco, Madrid, Spain",,Spain,,,
Variability debt in opportunistic reuse: A multi-project field study,Daniele Wolfart,Female,"PPGComp, Western ParanÃ¡ State University (UNIOESTE), Cascavel, Brazil",FALSE,Brazil,0,0,1
,Jabier Martinez,Male,"Tecnalia, Basque Research and Technology Alliance (BRTA), Derio, Spain",,Spain,,,
,Wesley K.G. AssunÃ§Ã£o,Male,"CSC, North Carolina State University (NCSU), Raleigh, USA; OPUS, Pontifical Catholic University of Rio de Janeiro (PUC-Rio), Rio de Janeiro, Brazil",,"USA, Brazil",,,
,Thelma E. Colanzi,Female,"DIN, State University of MaringÃ¡ (UEM), MaringÃ¡, Brazil",,Brazil,,,
,Alexander Egyed,Male,"ISSE, Johannes Kepler University Linz (JKU), Linz, Austria",,Austria,,,